#
# There is insufficient memory for the Java Runtime Environment to continue.
# Native memory allocation (mmap) failed to map 65536 bytes. Error detail: committing reserved memory.
# Possible reasons:
#   The system is out of physical RAM or swap space
#   This process is running with CompressedOops enabled, and the Java Heap may be blocking the growth of the native heap
# Possible solutions:
#   Reduce memory load on the system
#   Increase physical memory or swap space
#   Check if swap backing store is full
#   Decrease Java heap size (-Xmx/-Xms)
#   Decrease number of Java threads
#   Decrease Java thread stack sizes (-Xss)
#   Set larger code cache with -XX:ReservedCodeCacheSize=
#   JVM is running with Unscaled Compressed Oops mode in which the Java heap is
#     placed in the first 4GB address space. The Java Heap base address is the
#     maximum limit for the native heap growth. Please use -XX:HeapBaseMinAddress
#     to set the Java Heap base and to place the Java Heap above 4GB virtual address.
# This output file may be truncated or incomplete.
#
#  Out of Memory Error (os_linux.cpp:2834), pid=1775, tid=1810
#
# JRE version: OpenJDK Runtime Environment (17.0.20+8) (build 17.0.20+8-1-deb12u1-Debian)
# Java VM: OpenJDK 64-Bit Server VM (17.0.20+8-1-deb12u1-Debian, mixed mode, sharing, tiered, compressed oops, compressed class ptrs, g1 gc, linux-amd64)
# No core dump will be written. Core dumps have been disabled. To enable core dumping, try "ulimit -c unlimited" before starting Java again
#

---------------  S U M M A R Y ------------

Command Line: --add-opens=java.base/java.lang=ALL-UNNAMED --add-opens=java.base/java.lang.invoke=ALL-UNNAMED --add-opens=java.base/java.util=ALL-UNNAMED --add-opens=java.prefs/java.util.prefs=ALL-UNNAMED --add-exports=jdk.compiler/com.sun.tools.javac.api=ALL-UNNAMED --add-exports=jdk.compiler/com.sun.tools.javac.util=ALL-UNNAMED --add-opens=java.base/java.util=ALL-UNNAMED --add-opens=java.prefs/java.util.prefs=ALL-UNNAMED --add-opens=java.base/java.nio.charset=ALL-UNNAMED --add-opens=java.base/java.net=ALL-UNNAMED --add-opens=java.base/java.util.concurrent=ALL-UNNAMED --add-opens=java.base/java.util.concurrent.atomic=ALL-UNNAMED --add-opens=java.xml/javax.xml.namespace=ALL-UNNAMED --add-opens=java.base/java.time=ALL-UNNAMED -XX:MaxMetaspaceSize=384m -XX:+HeapDumpOnOutOfMemoryError -Xms256m -Xmx512m -Dfile.encoding=UTF-8 -Duser.country -Duser.language=en -Duser.variant -javaagent:/root/.gradle/wrapper/dists/gradle-9.4.0-bin/bs46pbp5kyxldwvpbd53ev1q5/gradle-9.4.0/lib/agents/gradle-instrumentation-agent-9.4.0.jar org.gradle.launcher.daemon.bootstrap.GradleDaemon 9.4.0

Host: Intel(R) Xeon(R) Processor @ 2.50GHz, 2 cores, 2G, Debian GNU/Linux 12 (bookworm)
Time: Sun Sep  6 13:53:30 2026 UTC elapsed time: 27.117145 seconds (0d 0h 0m 27s)

---------------  T H R E A D  ---------------

Current thread (0x00007f9924009dd0):  JavaThread "Daemon worker" [_thread_in_vm, id=1810, stack(0x00007f99554fa000,0x00007f99555fa000)]

Stack: [0x00007f99554fa000,0x00007f99555fa000],  sp=0x00007f99555ed600,  free space=973k
Native frames: (J=compiled Java code, j=interpreted, Vv=VM code, C=native code)
V  [libjvm.so+0xf21211]  VMError::report_and_die(int, char const*, char const*, __va_list_tag*, Thread*, unsigned char*, void*, void*, char const*, int, unsigned long)+0x171
V  [libjvm.so+0xf21d7d]  VMError::report_and_die(Thread*, char const*, int, unsigned long, VMErrorType, char const*, __va_list_tag*)+0x2d
V  [libjvm.so+0x60378c]  report_vm_out_of_memory(char const*, int, unsigned long, VMErrorType, char const*, ...)+0xdc
V  [libjvm.so+0xc29b20]  os::pd_commit_memory(char*, unsigned long, bool)+0xc0
V  [libjvm.so+0xc23e5d]  os::commit_memory(char*, unsigned long, bool)+0x1d
V  [libjvm.so+0xf18595]  metaspace::VirtualSpaceNode::commit_range(MetaWordImpl**, unsigned long)+0x135
V  [libjvm.so+0xba2d07]  metaspace::Metachunk::ensure_committed_locked(unsigned long)+0xb7
V  [libjvm.so+0x53c0d3]  metaspace::ChunkManager::get_chunk(signed char, signed char, unsigned long)+0x173
V  [libjvm.so+0xba6123]  metaspace::MetaspaceArena::allocate(unsigned long)+0x263
V  [libjvm.so+0xba5378]  Metaspace::allocate(ClassLoaderData*, unsigned long, MetaspaceObj::Type, JavaThread*)+0x48
V  [libjvm.so+0xbb2f73]  Method::allocate(ClassLoaderData*, int, AccessFlags, InlineTableSizes*, ConstMethod::MethodType, JavaThread*)+0x63
V  [libjvm.so+0x576e93]  ClassFileParser::parse_method(ClassFileStream const*, bool, ConstantPool const*, AccessFlags*, JavaThread*)+0x16d3
V  [libjvm.so+0x577d28]  ClassFileParser::parse_methods(ClassFileStream const*, bool, AccessFlags*, bool*, bool*, JavaThread*)+0x158
V  [libjvm.so+0x57a670]  ClassFileParser::parse_stream(ClassFileStream const*, JavaThread*)+0x740
V  [libjvm.so+0x57b25a]  ClassFileParser::ClassFileParser(ClassFileStream*, Symbol*, ClassLoaderData*, ClassLoadInfo const*, ClassFileParser::Publicity, JavaThread*)+0x1aa
V  [libjvm.so+0xa60294]  KlassFactory::create_from_stream(ClassFileStream*, Symbol*, ClassLoaderData*, ClassLoadInfo const&, JavaThread*)+0x254
V  [libjvm.so+0xe556a0]  SystemDictionary::resolve_class_from_stream(ClassFileStream*, Symbol*, Handle, ClassLoadInfo const&, JavaThread*)+0x140
V  [libjvm.so+0x907bd9]  jvm_lookup_define_class(_jclass*, char const*, signed char const*, int, _jobject*, unsigned char, int, _jobject*, JavaThread*)+0x4c9
V  [libjvm.so+0x907f5c]  JVM_LookupDefineClass+0xbc
C  [libjava.so+0xd877]  Java_java_lang_ClassLoader_defineClass0+0x107
J 1842  java.lang.ClassLoader.defineClass0(Ljava/lang/ClassLoader;Ljava/lang/Class;Ljava/lang/String;[BIILjava/security/ProtectionDomain;ZILjava/lang/Object;)Ljava/lang/Class; java.base@17.0.20 (0 bytes) @ 0x00007f996d08c11a [0x00007f996d08bfc0+0x000000000000015a]
J 2640 c1 java.lang.System$2.defineClass(Ljava/lang/ClassLoader;Ljava/lang/Class;Ljava/lang/String;[BLjava/security/ProtectionDomain;ZILjava/lang/Object;)Ljava/lang/Class; java.base@17.0.20 (21 bytes) @ 0x00007f9965a0e1ec [0x00007f9965a0e140+0x00000000000000ac]
J 2191 c1 java.lang.invoke.MethodHandles$Lookup$ClassDefiner.defineClass(ZLjava/lang/Object;)Ljava/lang/Class; java.base@17.0.20 (97 bytes) @ 0x00007f996591fe0c [0x00007f996591f2c0+0x0000000000000b4c]
j  java.lang.invoke.MethodHandles$Lookup$ClassDefiner.defineClass(Z)Ljava/lang/Class;+3 java.base@17.0.20
j  java.lang.invoke.MethodHandles$Lookup.defineClass([B)Ljava/lang/Class;+36 java.base@17.0.20
j  org.gradle.internal.classloader.ClassLoaderUtils$LookupClassDefiner.defineDecoratorClass(Ljava/lang/Class;Ljava/lang/ClassLoader;Ljava/lang/String;[B)Ljava/lang/Class;+22
j  org.gradle.internal.classloader.ClassLoaderUtils.defineDecorator(Ljava/lang/Class;Ljava/lang/ClassLoader;Ljava/lang/String;[B)Ljava/lang/Class;+7
j  org.gradle.model.internal.asm.AsmClassGenerator.define(Ljava/lang/ClassLoader;)Ljava/lang/Class;+16
j  org.gradle.model.internal.asm.AsmClassGenerator.define()Ljava/lang/Class;+8
j  org.gradle.internal.instantiation.generator.AsmBackedClassGenerator$ClassBuilderImpl.generate()Ljava/lang/Class;+12
J 6359 c1 org.gradle.internal.instantiation.generator.AbstractClassGenerator.generateUnderLock(Ljava/lang/Class;)Lorg/gradle/internal/instantiation/generator/AbstractClassGenerator$GeneratedClassImpl; (720 bytes) @ 0x00007f9965ff89fc [0x00007f9965ff6ec0+0x0000000000001b3c]
j  org.gradle.internal.instantiation.generator.AbstractClassGenerator$$Lambda$136+0x00007f99341afb40.apply(Ljava/lang/Object;)Ljava/lang/Object;+8
j  org.gradle.cache.internal.DefaultCrossBuildInMemoryCacheFactory$AbstractCrossBuildInMemoryCache.produce(Ljava/util/function/Function;Ljava/lang/Object;)Ljava/lang/Object;+2
j  org.gradle.cache.internal.DefaultCrossBuildInMemoryCacheFactory$AbstractCrossBuildInMemoryCache.produceAndRetain(Ljava/util/function/Function;Ljava/lang/Object;)Ljava/lang/Object;+3
j  org.gradle.cache.internal.DefaultCrossBuildInMemoryCacheFactory$AbstractCrossBuildInMemoryCache.lambda$get$1(Ljava/util/function/Function;Ljava/lang/Object;)Ljava/lang/Object;+3
j  org.gradle.cache.internal.DefaultCrossBuildInMemoryCacheFactory$AbstractCrossBuildInMemoryCache$$Lambda$135+0x00007f99341af0b0.get()Ljava/lang/Object;+12
J 3822 c1 org.gradle.internal.lazy.LockingLazy.get()Ljava/lang/Object; (62 bytes) @ 0x00007f9965c350d4 [0x00007f9965c34ee0+0x00000000000001f4]
J 3871 c1 org.gradle.cache.internal.DefaultCrossBuildInMemoryCacheFactory$AbstractCrossBuildInMemoryCache.get(Ljava/lang/Object;Ljava/util/function/Function;)Ljava/lang/Object; (24 bytes) @ 0x00007f9965c482ec [0x00007f9965c47c40+0x00000000000006ac]
J 6128 c1 org.gradle.internal.instantiation.generator.AsmBackedClassGenerator.generate(Ljava/lang/Class;)Lorg/gradle/internal/instantiation/generator/ClassGenerator$GeneratedClass; (6 bytes) @ 0x00007f9965f8a654 [0x00007f9965f89fe0+0x0000000000000674]
j  org.gradle.internal.instantiation.generator.Jsr330ConstructorSelector.lambda$forType$0(Ljava/lang/Class;)Lorg/gradle/internal/instantiation/generator/Jsr330ConstructorSelector$CachedConstructor;+9
j  org.gradle.internal.instantiation.generator.Jsr330ConstructorSelector$$Lambda$133+0x00007f99341aec40.get()Ljava/lang/Object;+8
j  org.gradle.cache.Cache.lambda$get$0(Ljava/util/function/Supplier;Ljava/lang/Object;)Ljava/lang/Object;+1
j  org.gradle.cache.Cache$$Lambda$96+0x00007f993410fdb8.apply(Ljava/lang/Object;)Ljava/lang/Object;+5
j  org.gradle.cache.internal.DefaultCrossBuildInMemoryCacheFactory$AbstractCrossBuildInMemoryCache.produce(Ljava/util/function/Function;Ljava/lang/Object;)Ljava/lang/Object;+2
j  org.gradle.cache.internal.DefaultCrossBuildInMemoryCacheFactory$AbstractCrossBuildInMemoryCache.produceAndRetain(Ljava/util/function/Function;Ljava/lang/Object;)Ljava/lang/Object;+3
j  org.gradle.cache.internal.DefaultCrossBuildInMemoryCacheFactory$AbstractCrossBuildInMemoryCache.lambda$get$1(Ljava/util/function/Function;Ljava/lang/Object;)Ljava/lang/Object;+3
j  org.gradle.cache.internal.DefaultCrossBuildInMemoryCacheFactory$AbstractCrossBuildInMemoryCache$$Lambda$135+0x00007f99341af0b0.get()Ljava/lang/Object;+12
J 3822 c1 org.gradle.internal.lazy.LockingLazy.get()Ljava/lang/Object; (62 bytes) @ 0x00007f9965c350d4 [0x00007f9965c34ee0+0x00000000000001f4]
J 3871 c1 org.gradle.cache.internal.DefaultCrossBuildInMemoryCacheFactory$AbstractCrossBuildInMemoryCache.get(Ljava/lang/Object;Ljava/util/function/Function;)Ljava/lang/Object; (24 bytes) @ 0x00007f9965c482ec [0x00007f9965c47c40+0x00000000000006ac]
J 6327 c1 org.gradle.cache.Cache.get(Ljava/lang/Object;Ljava/util/function/Supplier;)Ljava/lang/Object; (14 bytes) @ 0x00007f9965fe8b94 [0x00007f9965fe8ac0+0x00000000000000d4]
J 6780 c1 org.gradle.internal.instantiation.generator.Jsr330ConstructorSelector.forType(Ljava/lang/Class;)Lorg/gradle/internal/instantiation/generator/ClassGenerator$GeneratedConstructor; (32 bytes) @ 0x00007f996583b31c [0x00007f996583ae40+0x00000000000004dc]
j  org.gradle.internal.instantiation.generator.Jsr330ConstructorSelector.forParams(Ljava/lang/Class;[Ljava/lang/Object;)Lorg/gradle/internal/instantiation/generator/ClassGenerator$GeneratedConstructor;+2
J 3969 c1 org.gradle.internal.instantiation.generator.DependencyInjectingInstantiator.doCreate(Ljava/lang/Class;Lorg/gradle/api/Describable;[Ljava/lang/Object;)Ljava/lang/Object; (64 bytes) @ 0x00007f9965c7efc4 [0x00007f9965c7eea0+0x0000000000000124]
J 6321 c1 org.gradle.internal.instantiation.generator.DependencyInjectingInstantiator.newInstance(Ljava/lang/Class;[Ljava/lang/Object;)Ljava/lang/Object; (8 bytes) @ 0x00007f9965fe6e24 [0x00007f9965fe6dc0+0x0000000000000064]
j  org.gradle.api.internal.model.DefaultObjectFactory.newInstance(Ljava/lang/Class;[Ljava/lang/Object;)Ljava/lang/Object;+6
j  org.gradle.api.internal.artifacts.configurations.DefaultConfigurationFactory.createResolvable(Ljava/lang/String;Lorg/gradle/api/internal/artifacts/ConfigurationResolver;Lorg/gradle/internal/Factory;)Lorg/gradle/api/internal/artifacts/configurations/DefaultResolvableConfiguration;+89
j  org.gradle.api.internal.artifacts.configurations.DefaultConfigurationContainer.doCreateResolvable(Ljava/lang/String;)Lorg/gradle/api/internal/artifacts/configurations/DefaultResolvableConfiguration;+13
j  org.gradle.api.internal.artifacts.configurations.DefaultConfigurationContainer$$Lambda$1205+0x00007f993480a1f0.apply(Ljava/lang/Object;)Ljava/lang/Object;+8
j  org.gradle.api.internal.artifacts.configurations.DefaultConfigurationContainer.createLockedConfiguration(Ljava/lang/String;Ljava/util/function/Function;Lorg/gradle/api/Action;)Lorg/gradle/api/internal/artifacts/configurations/ConfigurationInternal;+12
j  org.gradle.api.internal.artifacts.configurations.DefaultConfigurationContainer.resolvableLocked(Ljava/lang/String;Lorg/gradle/api/Action;)Lorg/gradle/api/artifacts/ResolvableConfiguration;+16
j  org.gradle.api.plugins.JavaBasePlugin.defineConfigurationsForSourceSet(Lorg/gradle/api/tasks/SourceSet;Lorg/gradle/api/internal/artifacts/configurations/RoleBasedConfigurationContainerInternal;)V+101
j  org.gradle.api.plugins.JavaBasePlugin.lambda$configureSourceSetDefaults$0(Lorg/gradle/api/Project;Lorg/gradle/api/tasks/SourceSet;)V+13
j  org.gradle.api.plugins.JavaBasePlugin$$Lambda$1171+0x00007f99347f5f40.execute(Ljava/lang/Object;)V+12
j  org.gradle.internal.code.DefaultUserCodeApplicationContext$CurrentApplication$1.execute(Ljava/lang/Object;)V+39
j  org.gradle.api.internal.DefaultCollectionCallbackActionDecorator$BuildOperationEmittingAction$1.run(Lorg/gradle/internal/operations/BuildOperationContext;)V+11
j  org.gradle.internal.operations.DefaultBuildOperationRunner$1.execute(Lorg/gradle/internal/operations/RunnableBuildOperation;Lorg/gradle/internal/operations/BuildOperationContext;)V+2
j  org.gradle.internal.operations.DefaultBuildOperationRunner$1.execute(Lorg/gradle/internal/operations/BuildOperation;Lorg/gradle/internal/operations/BuildOperationContext;)V+6
j  org.gradle.internal.operations.DefaultBuildOperationRunner$2.execute(Lorg/gradle/internal/operations/BuildOperationDescriptor;Lorg/gradle/internal/operations/BuildOperationState;Lorg/gradle/internal/operations/BuildOperationState;Lorg/gradle/internal/operations/DefaultBuildOperationRunner$ReadableBuildOperationContext;Lorg/gradle/internal/operations/DefaultBuildOperationRunner$BuildOperationExecutionListener;)Lorg/gradle/internal/operations/BuildOperation;+22
j  org.gradle.internal.operations.DefaultBuildOperationRunner$2.execute(Lorg/gradle/internal/operations/BuildOperationDescriptor;Lorg/gradle/internal/operations/BuildOperationState;Lorg/gradle/internal/operations/BuildOperationState;Lorg/gradle/internal/operations/DefaultBuildOperationRunner$ReadableBuildOperationContext;Lorg/gradle/internal/operations/DefaultBuildOperationRunner$BuildOperationExecutionListener;)Ljava/lang/Object;+8
J 5835 c1 org.gradle.internal.operations.DefaultBuildOperationRunner.execute(Lorg/gradle/internal/operations/BuildOperationDescriptor$Builder;Lorg/gradle/internal/operations/DefaultBuildOperationRunner$BuildOperationExecution;)Ljava/lang/Object; (147 bytes) @ 0x00007f9965f0a07c [0x00007f9965f09220+0x0000000000000e5c]
J 5833 c1 org.gradle.internal.operations.DefaultBuildOperationRunner.execute(Lorg/gradle/internal/operations/BuildOperation;Lorg/gradle/internal/operations/BuildOperationWorker;)V (22 bytes) @ 0x00007f9965f0866c [0x00007f9965f083e0+0x000000000000028c]
j  org.gradle.internal.operations.DefaultBuildOperationRunner.run(Lorg/gradle/internal/operations/RunnableBuildOperation;)V+5
j  org.gradle.api.internal.DefaultCollectionCallbackActionDecorator$BuildOperationEmittingAction.execute(Ljava/lang/Object;)V+20
j  org.gradle.internal.ImmutableActionSet$SingletonSet.execute(Ljava/lang/Object;)V+5
j  org.gradle.api.internal.DefaultDomainObjectCollection.doAdd(Ljava/lang/Object;Lorg/gradle/api/Action;)Z+20
j  org.gradle.api.internal.DefaultNamedDomainObjectCollection.doAdd(Ljava/lang/Object;Lorg/gradle/api/Action;)Z+27
j  org.gradle.api.internal.AbstractNamedDomainObjectContainer.create(Ljava/lang/String;)Ljava/lang/Object;+28
j  org.gradle.api.internal.AbstractValidatingNamedDomainObjectContainer.create(Ljava/lang/String;)Ljava/lang/Object;+12
j  org.gradle.api.plugins.JavaPlugin.createMainFeature(Lorg/gradle/api/internal/project/ProjectInternal;Lorg/gradle/api/tasks/SourceSetContainer;)Lorg/gradle/api/plugins/jvm/internal/JvmFeatureInternal;+3
j  org.gradle.api.plugins.JavaPlugin.lambda$createJavaComponent$3(Lorg/gradle/api/internal/project/ProjectInternal;Lorg/gradle/api/tasks/SourceSetContainer;Lorg/gradle/jvm/component/internal/JvmSoftwareComponentInternal;)V+2
j  org.gradle.api.plugins.JavaPlugin$$Lambda$1190+0x00007f99347fce38.execute(Ljava/lang/Object;)V+12
j  org.gradle.api.internal.DefaultMutationGuard$1.execute(Ljava/lang/Object;)V+39
j  org.gradle.internal.code.DefaultUserCodeApplicationContext$CurrentApplication$1.execute(Ljava/lang/Object;)V+39
j  org.gradle.api.internal.DefaultCollectionCallbackActionDecorator$BuildOperationEmittingAction$1.run(Lorg/gradle/internal/operations/BuildOperationContext;)V+11
j  org.gradle.internal.operations.DefaultBuildOperationRunner$1.execute(Lorg/gradle/internal/operations/RunnableBuildOperation;Lorg/gradle/internal/operations/BuildOperationContext;)V+2
j  org.gradle.internal.operations.DefaultBuildOperationRunner$1.execute(Lorg/gradle/internal/operations/BuildOperation;Lorg/gradle/internal/operations/BuildOperationContext;)V+6
j  org.gradle.internal.operations.DefaultBuildOperationRunner$2.execute(Lorg/gradle/internal/operations/BuildOperationDescriptor;Lorg/gradle/internal/operations/BuildOperationState;Lorg/gradle/internal/operations/BuildOperationState;Lorg/gradle/internal/operations/DefaultBuildOperationRunner$ReadableBuildOperationContext;Lorg/gradle/internal/operations/DefaultBuildOperationRunner$BuildOperationExecutionListener;)Lorg/gradle/internal/operations/BuildOperation;+22
j  org.gradle.internal.operations.DefaultBuildOperationRunner$2.execute(Lorg/gradle/internal/operations/BuildOperationDescriptor;Lorg/gradle/internal/operations/BuildOperationState;Lorg/gradle/internal/operations/BuildOperationState;Lorg/gradle/internal/operations/DefaultBuildOperationRunner$ReadableBuildOperationContext;Lorg/gradle/internal/operations/DefaultBuildOperationRunner$BuildOperationExecutionListener;)Ljava/lang/Object;+8
J 5835 c1 org.gradle.internal.operations.DefaultBuildOperationRunner.execute(Lorg/gradle/internal/operations/BuildOperationDescriptor$Builder;Lorg/gradle/internal/operations/DefaultBuildOperationRunner$BuildOperationExecution;)Ljava/lang/Object; (147 bytes) @ 0x00007f9965f0a07c [0x00007f9965f09220+0x0000000000000e5c]
J 5833 c1 org.gradle.internal.operations.DefaultBuildOperationRunner.execute(Lorg/gradle/internal/operations/BuildOperation;Lorg/gradle/internal/operations/BuildOperationWorker;)V (22 bytes) @ 0x00007f9965f0866c [0x00007f9965f083e0+0x000000000000028c]
j  org.gradle.internal.operations.DefaultBuildOperationRunner.run(Lorg/gradle/internal/operations/RunnableBuildOperation;)V+5
j  org.gradle.api.internal.DefaultCollectionCallbackActionDecorator$BuildOperationEmittingAction.execute(Ljava/lang/Object;)V+20
j  org.gradle.internal.ImmutableActionSet$SingletonSet.execute(Ljava/lang/Object;)V+5
j  org.gradle.api.internal.DefaultDomainObjectCollection.doAdd(Ljava/lang/Object;Lorg/gradle/api/Action;)Z+20
j  org.gradle.api.internal.DefaultNamedDomainObjectCollection.doAdd(Ljava/lang/Object;Lorg/gradle/api/Action;)Z+27
j  org.gradle.api.internal.DefaultNamedDomainObjectCollection$AbstractDomainObjectCreatingProvider.tryCreate()V+55
j  org.gradle.api.internal.DefaultNamedDomainObjectCollection$AbstractDomainObjectCreatingProvider.calculateOwnValue(Lorg/gradle/api/internal/provider/ValueSupplier$ValueConsumer;)Lorg/gradle/api/internal/provider/ValueSupplier$Value;+60
J 4313 c1 org.gradle.api.internal.provider.AbstractMinimalProvider.calculateOwnPresentValue()Lorg/gradle/api/internal/provider/ValueSupplier$Value; (32 bytes) @ 0x00007f9965cfb1d4 [0x00007f9965cfb160+0x0000000000000074]
J 4232 c1 org.gradle.api.internal.provider.AbstractMinimalProvider.get()Ljava/lang/Object; (10 bytes) @ 0x00007f9965ce5e94 [0x00007f9965ce5e40+0x0000000000000054]
j  org.gradle.api.internal.DefaultNamedDomainObjectCollection$AbstractDomainObjectCreatingProvider.get()Ljava/lang/Object;+20
...<more frames>...

Java frames: (J=compiled Java code, j=interpreted, Vv=VM code)
J 1842  java.lang.ClassLoader.defineClass0(Ljava/lang/ClassLoader;Ljava/lang/Class;Ljava/lang/String;[BIILjava/security/ProtectionDomain;ZILjava/lang/Object;)Ljava/lang/Class; java.base@17.0.20 (0 bytes) @ 0x00007f996d08c09d [0x00007f996d08bfc0+0x00000000000000dd]
J 2640 c1 java.lang.System$2.defineClass(Ljava/lang/ClassLoader;Ljava/lang/Class;Ljava/lang/String;[BLjava/security/ProtectionDomain;ZILjava/lang/Object;)Ljava/lang/Class; java.base@17.0.20 (21 bytes) @ 0x00007f9965a0e1ec [0x00007f9965a0e140+0x00000000000000ac]
J 2191 c1 java.lang.invoke.MethodHandles$Lookup$ClassDefiner.defineClass(ZLjava/lang/Object;)Ljava/lang/Class; java.base@17.0.20 (97 bytes) @ 0x00007f996591fe0c [0x00007f996591f2c0+0x0000000000000b4c]
j  java.lang.invoke.MethodHandles$Lookup$ClassDefiner.defineClass(Z)Ljava/lang/Class;+3 java.base@17.0.20
j  java.lang.invoke.MethodHandles$Lookup.defineClass([B)Ljava/lang/Class;+36 java.base@17.0.20
j  org.gradle.internal.classloader.ClassLoaderUtils$LookupClassDefiner.defineDecoratorClass(Ljava/lang/Class;Ljava/lang/ClassLoader;Ljava/lang/String;[B)Ljava/lang/Class;+22
j  org.gradle.internal.classloader.ClassLoaderUtils.defineDecorator(Ljava/lang/Class;Ljava/lang/ClassLoader;Ljava/lang/String;[B)Ljava/lang/Class;+7
j  org.gradle.model.internal.asm.AsmClassGenerator.define(Ljava/lang/ClassLoader;)Ljava/lang/Class;+16
j  org.gradle.model.internal.asm.AsmClassGenerator.define()Ljava/lang/Class;+8
j  org.gradle.internal.instantiation.generator.AsmBackedClassGenerator$ClassBuilderImpl.generate()Ljava/lang/Class;+12
J 6359 c1 org.gradle.internal.instantiation.generator.AbstractClassGenerator.generateUnderLock(Ljava/lang/Class;)Lorg/gradle/internal/instantiation/generator/AbstractClassGenerator$GeneratedClassImpl; (720 bytes) @ 0x00007f9965ff89fc [0x00007f9965ff6ec0+0x0000000000001b3c]
j  org.gradle.internal.instantiation.generator.AbstractClassGenerator$$Lambda$136+0x00007f99341afb40.apply(Ljava/lang/Object;)Ljava/lang/Object;+8
j  org.gradle.cache.internal.DefaultCrossBuildInMemoryCacheFactory$AbstractCrossBuildInMemoryCache.produce(Ljava/util/function/Function;Ljava/lang/Object;)Ljava/lang/Object;+2
j  org.gradle.cache.internal.DefaultCrossBuildInMemoryCacheFactory$AbstractCrossBuildInMemoryCache.produceAndRetain(Ljava/util/function/Function;Ljava/lang/Object;)Ljava/lang/Object;+3
j  org.gradle.cache.internal.DefaultCrossBuildInMemoryCacheFactory$AbstractCrossBuildInMemoryCache.lambda$get$1(Ljava/util/function/Function;Ljava/lang/Object;)Ljava/lang/Object;+3
j  org.gradle.cache.internal.DefaultCrossBuildInMemoryCacheFactory$AbstractCrossBuildInMemoryCache$$Lambda$135+0x00007f99341af0b0.get()Ljava/lang/Object;+12
J 3822 c1 org.gradle.internal.lazy.LockingLazy.get()Ljava/lang/Object; (62 bytes) @ 0x00007f9965c350d4 [0x00007f9965c34ee0+0x00000000000001f4]
J 3871 c1 org.gradle.cache.internal.DefaultCrossBuildInMemoryCacheFactory$AbstractCrossBuildInMemoryCache.get(Ljava/lang/Object;Ljava/util/function/Function;)Ljava/lang/Object; (24 bytes) @ 0x00007f9965c482ec [0x00007f9965c47c40+0x00000000000006ac]
J 6128 c1 org.gradle.internal.instantiation.generator.AsmBackedClassGenerator.generate(Ljava/lang/Class;)Lorg/gradle/internal/instantiation/generator/ClassGenerator$GeneratedClass; (6 bytes) @ 0x00007f9965f8a654 [0x00007f9965f89fe0+0x0000000000000674]
j  org.gradle.internal.instantiation.generator.Jsr330ConstructorSelector.lambda$forType$0(Ljava/lang/Class;)Lorg/gradle/internal/instantiation/generator/Jsr330ConstructorSelector$CachedConstructor;+9
j  org.gradle.internal.instantiation.generator.Jsr330ConstructorSelector$$Lambda$133+0x00007f99341aec40.get()Ljava/lang/Object;+8
j  org.gradle.cache.Cache.lambda$get$0(Ljava/util/function/Supplier;Ljava/lang/Object;)Ljava/lang/Object;+1
j  org.gradle.cache.Cache$$Lambda$96+0x00007f993410fdb8.apply(Ljava/lang/Object;)Ljava/lang/Object;+5
j  org.gradle.cache.internal.DefaultCrossBuildInMemoryCacheFactory$AbstractCrossBuildInMemoryCache.produce(Ljava/util/function/Function;Ljava/lang/Object;)Ljava/lang/Object;+2
j  org.gradle.cache.internal.DefaultCrossBuildInMemoryCacheFactory$AbstractCrossBuildInMemoryCache.produceAndRetain(Ljava/util/function/Function;Ljava/lang/Object;)Ljava/lang/Object;+3
j  org.gradle.cache.internal.DefaultCrossBuildInMemoryCacheFactory$AbstractCrossBuildInMemoryCache.lambda$get$1(Ljava/util/function/Function;Ljava/lang/Object;)Ljava/lang/Object;+3
j  org.gradle.cache.internal.DefaultCrossBuildInMemoryCacheFactory$AbstractCrossBuildInMemoryCache$$Lambda$135+0x00007f99341af0b0.get()Ljava/lang/Object;+12
J 3822 c1 org.gradle.internal.lazy.LockingLazy.get()Ljava/lang/Object; (62 bytes) @ 0x00007f9965c350d4 [0x00007f9965c34ee0+0x00000000000001f4]
J 3871 c1 org.gradle.cache.internal.DefaultCrossBuildInMemoryCacheFactory$AbstractCrossBuildInMemoryCache.get(Ljava/lang/Object;Ljava/util/function/Function;)Ljava/lang/Object; (24 bytes) @ 0x00007f9965c482ec [0x00007f9965c47c40+0x00000000000006ac]
J 6327 c1 org.gradle.cache.Cache.get(Ljava/lang/Object;Ljava/util/function/Supplier;)Ljava/lang/Object; (14 bytes) @ 0x00007f9965fe8b94 [0x00007f9965fe8ac0+0x00000000000000d4]
J 6780 c1 org.gradle.internal.instantiation.generator.Jsr330ConstructorSelector.forType(Ljava/lang/Class;)Lorg/gradle/internal/instantiation/generator/ClassGenerator$GeneratedConstructor; (32 bytes) @ 0x00007f996583b31c [0x00007f996583ae40+0x00000000000004dc]
j  org.gradle.internal.instantiation.generator.Jsr330ConstructorSelector.forParams(Ljava/lang/Class;[Ljava/lang/Object;)Lorg/gradle/internal/instantiation/generator/ClassGenerator$GeneratedConstructor;+2
J 3969 c1 org.gradle.internal.instantiation.generator.DependencyInjectingInstantiator.doCreate(Ljava/lang/Class;Lorg/gradle/api/Describable;[Ljava/lang/Object;)Ljava/lang/Object; (64 bytes) @ 0x00007f9965c7efc4 [0x00007f9965c7eea0+0x0000000000000124]
J 6321 c1 org.gradle.internal.instantiation.generator.DependencyInjectingInstantiator.newInstance(Ljava/lang/Class;[Ljava/lang/Object;)Ljava/lang/Object; (8 bytes) @ 0x00007f9965fe6e24 [0x00007f9965fe6dc0+0x0000000000000064]
j  org.gradle.api.internal.model.DefaultObjectFactory.newInstance(Ljava/lang/Class;[Ljava/lang/Object;)Ljava/lang/Object;+6
j  org.gradle.api.internal.artifacts.configurations.DefaultConfigurationFactory.createResolvable(Ljava/lang/String;Lorg/gradle/api/internal/artifacts/ConfigurationResolver;Lorg/gradle/internal/Factory;)Lorg/gradle/api/internal/artifacts/configurations/DefaultResolvableConfiguration;+89
j  org.gradle.api.internal.artifacts.configurations.DefaultConfigurationContainer.doCreateResolvable(Ljava/lang/String;)Lorg/gradle/api/internal/artifacts/configurations/DefaultResolvableConfiguration;+13
j  org.gradle.api.internal.artifacts.configurations.DefaultConfigurationContainer$$Lambda$1205+0x00007f993480a1f0.apply(Ljava/lang/Object;)Ljava/lang/Object;+8
j  org.gradle.api.internal.artifacts.configurations.DefaultConfigurationContainer.createLockedConfiguration(Ljava/lang/String;Ljava/util/function/Function;Lorg/gradle/api/Action;)Lorg/gradle/api/internal/artifacts/configurations/ConfigurationInternal;+12
j  org.gradle.api.internal.artifacts.configurations.DefaultConfigurationContainer.resolvableLocked(Ljava/lang/String;Lorg/gradle/api/Action;)Lorg/gradle/api/artifacts/ResolvableConfiguration;+16
j  org.gradle.api.plugins.JavaBasePlugin.defineConfigurationsForSourceSet(Lorg/gradle/api/tasks/SourceSet;Lorg/gradle/api/internal/artifacts/configurations/RoleBasedConfigurationContainerInternal;)V+101
j  org.gradle.api.plugins.JavaBasePlugin.lambda$configureSourceSetDefaults$0(Lorg/gradle/api/Project;Lorg/gradle/api/tasks/SourceSet;)V+13
j  org.gradle.api.plugins.JavaBasePlugin$$Lambda$1171+0x00007f99347f5f40.execute(Ljava/lang/Object;)V+12
j  org.gradle.internal.code.DefaultUserCodeApplicationContext$CurrentApplication$1.execute(Ljava/lang/Object;)V+39
j  org.gradle.api.internal.DefaultCollectionCallbackActionDecorator$BuildOperationEmittingAction$1.run(Lorg/gradle/internal/operations/BuildOperationContext;)V+11
j  org.gradle.internal.operations.DefaultBuildOperationRunner$1.execute(Lorg/gradle/internal/operations/RunnableBuildOperation;Lorg/gradle/internal/operations/BuildOperationContext;)V+2
j  org.gradle.internal.operations.DefaultBuildOperationRunner$1.execute(Lorg/gradle/internal/operations/BuildOperation;Lorg/gradle/internal/operations/BuildOperationContext;)V+6
j  org.gradle.internal.operations.DefaultBuildOperationRunner$2.execute(Lorg/gradle/internal/operations/BuildOperationDescriptor;Lorg/gradle/internal/operations/BuildOperationState;Lorg/gradle/internal/operations/BuildOperationState;Lorg/gradle/internal/operations/DefaultBuildOperationRunner$ReadableBuildOperationContext;Lorg/gradle/internal/operations/DefaultBuildOperationRunner$BuildOperationExecutionListener;)Lorg/gradle/internal/operations/BuildOperation;+22
j  org.gradle.internal.operations.DefaultBuildOperationRunner$2.execute(Lorg/gradle/internal/operations/BuildOperationDescriptor;Lorg/gradle/internal/operations/BuildOperationState;Lorg/gradle/internal/operations/BuildOperationState;Lorg/gradle/internal/operations/DefaultBuildOperationRunner$ReadableBuildOperationContext;Lorg/gradle/internal/operations/DefaultBuildOperationRunner$BuildOperationExecutionListener;)Ljava/lang/Object;+8
J 5835 c1 org.gradle.internal.operations.DefaultBuildOperationRunner.execute(Lorg/gradle/internal/operations/BuildOperationDescriptor$Builder;Lorg/gradle/internal/operations/DefaultBuildOperationRunner$BuildOperationExecution;)Ljava/lang/Object; (147 bytes) @ 0x00007f9965f0a07c [0x00007f9965f09220+0x0000000000000e5c]
J 5833 c1 org.gradle.internal.operations.DefaultBuildOperationRunner.execute(Lorg/gradle/internal/operations/BuildOperation;Lorg/gradle/internal/operations/BuildOperationWorker;)V (22 bytes) @ 0x00007f9965f0866c [0x00007f9965f083e0+0x000000000000028c]
j  org.gradle.internal.operations.DefaultBuildOperationRunner.run(Lorg/gradle/internal/operations/RunnableBuildOperation;)V+5
j  org.gradle.api.internal.DefaultCollectionCallbackActionDecorator$BuildOperationEmittingAction.execute(Ljava/lang/Object;)V+20
j  org.gradle.internal.ImmutableActionSet$SingletonSet.execute(Ljava/lang/Object;)V+5
j  org.gradle.api.internal.DefaultDomainObjectCollection.doAdd(Ljava/lang/Object;Lorg/gradle/api/Action;)Z+20
j  org.gradle.api.internal.DefaultNamedDomainObjectCollection.doAdd(Ljava/lang/Object;Lorg/gradle/api/Action;)Z+27
j  org.gradle.api.internal.AbstractNamedDomainObjectContainer.create(Ljava/lang/String;)Ljava/lang/Object;+28
j  org.gradle.api.internal.AbstractValidatingNamedDomainObjectContainer.create(Ljava/lang/String;)Ljava/lang/Object;+12
j  org.gradle.api.plugins.JavaPlugin.createMainFeature(Lorg/gradle/api/internal/project/ProjectInternal;Lorg/gradle/api/tasks/SourceSetContainer;)Lorg/gradle/api/plugins/jvm/internal/JvmFeatureInternal;+3
j  org.gradle.api.plugins.JavaPlugin.lambda$createJavaComponent$3(Lorg/gradle/api/internal/project/ProjectInternal;Lorg/gradle/api/tasks/SourceSetContainer;Lorg/gradle/jvm/component/internal/JvmSoftwareComponentInternal;)V+2
j  org.gradle.api.plugins.JavaPlugin$$Lambda$1190+0x00007f99347fce38.execute(Ljava/lang/Object;)V+12
j  org.gradle.api.internal.DefaultMutationGuard$1.execute(Ljava/lang/Object;)V+39
j  org.gradle.internal.code.DefaultUserCodeApplicationContext$CurrentApplication$1.execute(Ljava/lang/Object;)V+39
j  org.gradle.api.internal.DefaultCollectionCallbackActionDecorator$BuildOperationEmittingAction$1.run(Lorg/gradle/internal/operations/BuildOperationContext;)V+11
j  org.gradle.internal.operations.DefaultBuildOperationRunner$1.execute(Lorg/gradle/internal/operations/RunnableBuildOperation;Lorg/gradle/internal/operations/BuildOperationContext;)V+2
j  org.gradle.internal.operations.DefaultBuildOperationRunner$1.execute(Lorg/gradle/internal/operations/BuildOperation;Lorg/gradle/internal/operations/BuildOperationContext;)V+6
j  org.gradle.internal.operations.DefaultBuildOperationRunner$2.execute(Lorg/gradle/internal/operations/BuildOperationDescriptor;Lorg/gradle/internal/operations/BuildOperationState;Lorg/gradle/internal/operations/BuildOperationState;Lorg/gradle/internal/operations/DefaultBuildOperationRunner$ReadableBuildOperationContext;Lorg/gradle/internal/operations/DefaultBuildOperationRunner$BuildOperationExecutionListener;)Lorg/gradle/internal/operations/BuildOperation;+22
j  org.gradle.internal.operations.DefaultBuildOperationRunner$2.execute(Lorg/gradle/internal/operations/BuildOperationDescriptor;Lorg/gradle/internal/operations/BuildOperationState;Lorg/gradle/internal/operations/BuildOperationState;Lorg/gradle/internal/operations/DefaultBuildOperationRunner$ReadableBuildOperationContext;Lorg/gradle/internal/operations/DefaultBuildOperationRunner$BuildOperationExecutionListener;)Ljava/lang/Object;+8
J 5835 c1 org.gradle.internal.operations.DefaultBuildOperationRunner.execute(Lorg/gradle/internal/operations/BuildOperationDescriptor$Builder;Lorg/gradle/internal/operations/DefaultBuildOperationRunner$BuildOperationExecution;)Ljava/lang/Object; (147 bytes) @ 0x00007f9965f0a07c [0x00007f9965f09220+0x0000000000000e5c]
J 5833 c1 org.gradle.internal.operations.DefaultBuildOperationRunner.execute(Lorg/gradle/internal/operations/BuildOperation;Lorg/gradle/internal/operations/BuildOperationWorker;)V (22 bytes) @ 0x00007f9965f0866c [0x00007f9965f083e0+0x000000000000028c]
j  org.gradle.internal.operations.DefaultBuildOperationRunner.run(Lorg/gradle/internal/operations/RunnableBuildOperation;)V+5
j  org.gradle.api.internal.DefaultCollectionCallbackActionDecorator$BuildOperationEmittingAction.execute(Ljava/lang/Object;)V+20
j  org.gradle.internal.ImmutableActionSet$SingletonSet.execute(Ljava/lang/Object;)V+5
j  org.gradle.api.internal.DefaultDomainObjectCollection.doAdd(Ljava/lang/Object;Lorg/gradle/api/Action;)Z+20
j  org.gradle.api.internal.DefaultNamedDomainObjectCollection.doAdd(Ljava/lang/Object;Lorg/gradle/api/Action;)Z+27
j  org.gradle.api.internal.DefaultNamedDomainObjectCollection$AbstractDomainObjectCreatingProvider.tryCreate()V+55
j  org.gradle.api.internal.DefaultNamedDomainObjectCollection$AbstractDomainObjectCreatingProvider.calculateOwnValue(Lorg/gradle/api/internal/provider/ValueSupplier$ValueConsumer;)Lorg/gradle/api/internal/provider/ValueSupplier$Value;+60
J 4313 c1 org.gradle.api.internal.provider.AbstractMinimalProvider.calculateOwnPresentValue()Lorg/gradle/api/internal/provider/ValueSupplier$Value; (32 bytes) @ 0x00007f9965cfb1d4 [0x00007f9965cfb160+0x0000000000000074]
J 4232 c1 org.gradle.api.internal.provider.AbstractMinimalProvider.get()Ljava/lang/Object; (10 bytes) @ 0x00007f9965ce5e94 [0x00007f9965ce5e40+0x0000000000000054]
j  org.gradle.api.internal.DefaultNamedDomainObjectCollection$AbstractDomainObjectCreatingProvider.get()Ljava/lang/Object;+20
j  org.gradle.api.plugins.JavaPlugin.createJavaComponent(Lorg/gradle/api/internal/project/ProjectInternal;Lorg/gradle/api/tasks/SourceSetContainer;)Lorg/gradle/jvm/component/internal/JvmSoftwareComponentInternal;+22
j  org.gradle.api.plugins.JavaPlugin.apply(Lorg/gradle/api/Project;)V+96
j  org.gradle.api.plugins.JavaPlugin.apply(Ljava/lang/Object;)V+5
j  org.gradle.api.internal.plugins.ImperativeOnlyPluginTarget.applyImperative(Ljava/lang/String;Lorg/gradle/api/Plugin;)V+13
j  org.gradle.api.internal.plugins.RuleBasedPluginTarget.applyImperative(Ljava/lang/String;Lorg/gradle/api/Plugin;)V+6
j  org.gradle.api.internal.plugins.DefaultPluginManager.addPlugin(Ljava/lang/Runnable;Lorg/gradle/api/internal/plugins/PluginImplementation;Ljava/lang/String;Ljava/lang/Class;)V+54
j  org.gradle.api.internal.plugins.DefaultPluginManager.access$100(Lorg/gradle/api/internal/plugins/DefaultPluginManager;Ljava/lang/Runnable;Lorg/gradle/api/internal/plugins/PluginImplementation;Ljava/lang/String;Ljava/lang/Class;)V+6
j  org.gradle.api.internal.plugins.DefaultPluginManager$AddPluginBuildOperation.run(Lorg/gradle/internal/operations/BuildOperationContext;)V+20
j  org.gradle.internal.operations.DefaultBuildOperationRunner$1.execute(Lorg/gradle/internal/operations/RunnableBuildOperation;Lorg/gradle/internal/operations/BuildOperationContext;)V+2
j  org.gradle.internal.operations.DefaultBuildOperationRunner$1.execute(Lorg/gradle/internal/operations/BuildOperation;Lorg/gradle/internal/operations/BuildOperationContext;)V+6
j  org.gradle.internal.operations.DefaultBuildOperationRunner$2.execute(Lorg/gradle/internal/operations/BuildOperationDescriptor;Lorg/gradle/internal/operations/BuildOperationState;Lorg/gradle/internal/operations/BuildOperationState;Lorg/gradle/internal/operations/DefaultBuildOperationRunner$ReadableBuildOperationContext;Lorg/gradle/internal/operations/DefaultBuildOperationRunner$BuildOperationExecutionListener;)Lorg/gradle/internal/operations/BuildOperation;+22
j  org.gradle.internal.operations.DefaultBuildOperationRunner$2.execute(Lorg/gradle/internal/operations/BuildOperationDescriptor;Lorg/gradle/internal/operations/BuildOperationState;Lorg/gradle/internal/operations/BuildOperationState;Lorg/gradle/internal/operations/DefaultBuildOperationRunner$ReadableBuildOperationContext;Lorg/gradle/internal/operations/DefaultBuildOperationRunner$BuildOperationExecutionListener;)Ljava/lang/Object;+8
J 5835 c1 org.gradle.internal.operations.DefaultBuildOperationRunner.execute(Lorg/gradle/internal/operations/BuildOperationDescriptor$Builder;Lorg/gradle/internal/operations/DefaultBuildOperationRunner$BuildOperationExecution;)Ljava/lang/Object; (147 bytes) @ 0x00007f9965f0a07c [0x00007f9965f09220+0x0000000000000e5c]
J 5833 c1 org.gradle.internal.operations.DefaultBuildOperationRunner.execute(Lorg/gradle/internal/operations/BuildOperation;Lorg/gradle/internal/operations/BuildOperationWorker;)V (22 bytes) @ 0x00007f9965f0866c [0x00007f9965f083e0+0x000000000000028c]
j  org.gradle.internal.operations.DefaultBuildOperationRunner.run(Lorg/gradle/internal/operations/RunnableBuildOperation;)V+5
j  org.gradle.api.internal.plugins.DefaultPluginManager.lambda$doApply$0(Ljava/lang/Runnable;Lorg/gradle/api/internal/plugins/PluginImplementation;Ljava/lang/String;Ljava/lang/Class;Lorg/gradle/internal/code/UserCodeApplicationId;)V+20
j  org.gradle.api.internal.plugins.DefaultPluginManager$$Lambda$658+0x00007f993452c830.execute(Ljava/lang/Object;)V+24
j  org.gradle.internal.code.DefaultUserCodeApplicationContext.apply(Lorg/gradle/internal/code/UserCodeSource;Lorg/gradle/api/Action;)V+37
j  org.gradle.api.internal.plugins.DefaultPluginManager.doApply(Lorg/gradle/api/internal/plugins/PluginImplementation;)V+144
j  org.gradle.api.internal.plugins.DefaultPluginManager.addImperativePlugin(Lorg/gradle/api/internal/plugins/PluginImplementation;)Lorg/gradle/api/Plugin;+2
j  org.gradle.api.internal.plugins.DefaultPluginManager.addImperativePlugin(Ljava/lang/Class;)Lorg/gradle/api/Plugin;+11
j  org.gradle.api.internal.plugins.DefaultPluginContainer.apply(Ljava/lang/Class;)Lorg/gradle/api/Plugin;+5
j  org.jetbrains.kotlin.gradle.plugin.AbstractKotlinPlugin.apply(Lorg/gradle/api/Project;)V+19
j  org.jetbrains.kotlin.gradle.plugin.KotlinJvmPlugin.apply(Lorg/gradle/api/Project;)V+115
j  org.jetbrains.kotlin.gradle.plugin.KotlinJvmPlugin.apply(Ljava/lang/Object;)V+5
j  org.jetbrains.kotlin.gradle.plugin.KotlinBasePluginWrapper.apply(Lorg/gradle/api/Project;)V+219
j  org.jetbrains.kotlin.gradle.plugin.KotlinPluginWrapper.apply(Lorg/gradle/api/Project;)V+12
j  org.jetbrains.kotlin.gradle.plugin.KotlinPluginWrapper.apply(Ljava/lang/Object;)V+5
j  org.gradle.api.internal.plugins.ImperativeOnlyPluginTarget.applyImperative(Ljava/lang/String;Lorg/gradle/api/Plugin;)V+13
j  org.gradle.api.internal.plugins.RuleBasedPluginTarget.applyImperative(Ljava/lang/String;Lorg/gradle/api/Plugin;)V+6
j  org.gradle.api.internal.plugins.DefaultPluginManager.addPlugin(Ljava/lang/Runnable;Lorg/gradle/api/internal/plugins/PluginImplementation;Ljava/lang/String;Ljava/lang/Class;)V+54
j  org.gradle.api.internal.plugins.DefaultPluginManager.access$100(Lorg/gradle/api/internal/plugins/DefaultPluginManager;Ljava/lang/Runnable;Lorg/gradle/api/internal/plugins/PluginImplementation;Ljava/lang/String;Ljava/lang/Class;)V+6
j  org.gradle.api.internal.plugins.DefaultPluginManager$AddPluginBuildOperation.run(Lorg/gradle/internal/operations/BuildOperationContext;)V+20
j  org.gradle.internal.operations.DefaultBuildOperationRunner$1.execute(Lorg/gradle/internal/operations/RunnableBuildOperation;Lorg/gradle/internal/operations/BuildOperationContext;)V+2
j  org.gradle.internal.operations.DefaultBuildOperationRunner$1.execute(Lorg/gradle/internal/operations/BuildOperation;Lorg/gradle/internal/operations/BuildOperationContext;)V+6
j  org.gradle.internal.operations.DefaultBuildOperationRunner$2.execute(Lorg/gradle/internal/operations/BuildOperationDescriptor;Lorg/gradle/internal/operations/BuildOperationState;Lorg/gradle/internal/operations/BuildOperationState;Lorg/gradle/internal/operations/DefaultBuildOperationRunner$ReadableBuildOperationContext;Lorg/gradle/internal/operations/DefaultBuildOperationRunner$BuildOperationExecutionListener;)Lorg/gradle/internal/operations/BuildOperation;+22
j  org.gradle.internal.operations.DefaultBuildOperationRunner$2.execute(Lorg/gradle/internal/operations/BuildOperationDescriptor;Lorg/gradle/internal/operations/BuildOperationState;Lorg/gradle/internal/operations/BuildOperationState;Lorg/gradle/internal/operations/DefaultBuildOperationRunner$ReadableBuildOperationContext;Lorg/gradle/internal/operations/DefaultBuildOperationRunner$BuildOperationExecutionListener;)Ljava/lang/Object;+8
J 5835 c1 org.gradle.internal.operations.DefaultBuildOperationRunner.execute(Lorg/gradle/internal/operations/BuildOperationDescriptor$Builder;Lorg/gradle/internal/operations/DefaultBuildOperationRunner$BuildOperationExecution;)Ljava/lang/Object; (147 bytes) @ 0x00007f9965f0a07c [0x00007f9965f09220+0x0000000000000e5c]
J 5833 c1 org.gradle.internal.operations.DefaultBuildOperationRunner.execute(Lorg/gradle/internal/operations/BuildOperation;Lorg/gradle/internal/operations/BuildOperationWorker;)V (22 bytes) @ 0x00007f9965f0866c [0x00007f9965f083e0+0x000000000000028c]
j  org.gradle.internal.operations.DefaultBuildOperationRunner.run(Lorg/gradle/internal/operations/RunnableBuildOperation;)V+5
j  org.gradle.api.internal.plugins.DefaultPluginManager.lambda$doApply$0(Ljava/lang/Runnable;Lorg/gradle/api/internal/plugins/PluginImplementation;Ljava/lang/String;Ljava/lang/Class;Lorg/gradle/internal/code/UserCodeApplicationId;)V+20
j  org.gradle.api.internal.plugins.DefaultPluginManager$$Lambda$658+0x00007f993452c830.execute(Ljava/lang/Object;)V+24
j  org.gradle.internal.code.DefaultUserCodeApplicationContext.apply(Lorg/gradle/internal/code/UserCodeSource;Lorg/gradle/api/Action;)V+37
j  org.gradle.api.internal.plugins.DefaultPluginManager.doApply(Lorg/gradle/api/internal/plugins/PluginImplementation;)V+144
j  org.gradle.api.internal.plugins.DefaultPluginManager.apply(Ljava/lang/String;)V+52
j  org.gradle.plugin.use.resolve.internal.ArtifactRepositoriesPluginResolver$ExternalPluginResolution.applyTo(Lorg/gradle/api/internal/plugins/PluginManagerInternal;)V+55
j  org.gradle.plugin.use.internal.DefaultPluginRequestApplicator$ApplyAction.apply(Lorg/gradle/api/internal/plugins/PluginManagerInternal;)V+21
j  org.gradle.plugin.use.internal.DefaultPluginRequestApplicator.lambda$applyPlugins$1(Lorg/gradle/api/internal/plugins/PluginManagerInternal;Lorg/gradle/plugin/use/internal/DefaultPluginRequestApplicator$ApplyAction;)V+2
j  org.gradle.plugin.use.internal.DefaultPluginRequestApplicator$$Lambda$1030+0x00007f9934647168.accept(Ljava/lang/Object;)V+8
j  java.util.ArrayList.forEach(Ljava/util/function/Consumer;)V+46 java.base@17.0.20
j  org.gradle.plugin.use.internal.DefaultPluginRequestApplicator.applyPlugins(Lorg/gradle/plugin/management/internal/PluginRequests;Lorg/gradle/api/internal/initialization/ScriptHandlerInternal;Lorg/gradle/api/internal/plugins/PluginManagerInternal;Lorg/gradle/api/internal/initialization/ClassLoaderScope;)V+375
j  org.gradle.kotlin.dsl.provider.PluginRequestsHandler.handle(Lorg/gradle/plugin/management/internal/PluginRequests;Lorg/gradle/api/internal/initialization/ScriptHandlerInternal;Lorg/gradle/api/internal/plugins/PluginAwareInternal;Lorg/gradle/api/internal/initialization/ClassLoaderScope;)V+71
j  org.gradle.kotlin.dsl.provider.StandardKotlinScriptEvaluator$InterpreterHost.applyPluginsTo(Lorg/gradle/kotlin/dsl/support/KotlinScriptHost;Lorg/gradle/plugin/management/internal/PluginRequests;)V+53
j  org.gradle.kotlin.dsl.execution.Interpreter$ProgramHost.applyPluginsTo(Lorg/gradle/kotlin/dsl/support/KotlinScriptHost;Lorg/gradle/plugin/management/internal/PluginRequests;)V+21
j  Program.execute(Lorg/gradle/kotlin/dsl/execution/ExecutableProgram$Host;Lorg/gradle/kotlin/dsl/support/KotlinScriptHost;)V+96
j  org.gradle.kotlin.dsl.execution.Interpreter$ProgramHost.eval(Lorg/gradle/kotlin/dsl/execution/CompiledScript;Lorg/gradle/kotlin/dsl/support/KotlinScriptHost;)V+90
j  org.gradle.kotlin.dsl.execution.Interpreter.eval(Ljava/lang/Object;Lorg/gradle/groovy/scripts/ScriptSource;Lorg/gradle/internal/hash/HashCode;Lorg/gradle/api/initialization/dsl/ScriptHandler;Lorg/gradle/api/internal/initialization/ClassLoaderScope;Lorg/gradle/api/internal/initialization/ClassLoaderScope;ZLjava/util/EnumSet;)V+237
j  org.gradle.kotlin.dsl.provider.StandardKotlinScriptEvaluator.evaluate(Ljava/lang/Object;Lorg/gradle/groovy/scripts/ScriptSource;Lorg/gradle/api/initialization/dsl/ScriptHandler;Lorg/gradle/api/internal/initialization/ClassLoaderScope;Lorg/gradle/api/internal/initialization/ClassLoaderScope;ZLjava/util/EnumSet;)V+167
j  org.gradle.kotlin.dsl.provider.KotlinScriptPluginFactory.create$lambda$0(Lorg/gradle/kotlin/dsl/provider/KotlinScriptPluginFactory;Lorg/gradle/groovy/scripts/ScriptSource;Lorg/gradle/api/internal/initialization/ClassLoaderScope;Lorg/gradle/api/initialization/dsl/ScriptHandler;Lorg/gradle/api/internal/initialization/ClassLoaderScope;ZLjava/lang/Object;)Lkotlin/Unit;+48
j  org.gradle.kotlin.dsl.provider.KotlinScriptPluginFactory$$Lambda$526+0x00007f993449b540.invoke(Ljava/lang/Object;)Ljava/lang/Object;+25
j  org.gradle.kotlin.dsl.provider.KotlinScriptPlugin.apply(Ljava/lang/Object;)V+22
j  org.gradle.configuration.BuildOperationScriptPlugin$1.run(Lorg/gradle/internal/operations/BuildOperationContext;)V+11
j  org.gradle.internal.operations.DefaultBuildOperationRunner$1.execute(Lorg/gradle/internal/operations/RunnableBuildOperation;Lorg/gradle/internal/operations/BuildOperationContext;)V+2
j  org.gradle.internal.operations.DefaultBuildOperationRunner$1.execute(Lorg/gradle/internal/operations/BuildOperation;Lorg/gradle/internal/operations/BuildOperationContext;)V+6
j  org.gradle.internal.operations.DefaultBuildOperationRunner$2.execute(Lorg/gradle/internal/operations/BuildOperationDescriptor;Lorg/gradle/internal/operations/BuildOperationState;Lorg/gradle/internal/operations/BuildOperationState;Lorg/gradle/internal/operations/DefaultBuildOperationRunner$ReadableBuildOperationContext;Lorg/gradle/internal/operations/DefaultBuildOperationRunner$BuildOperationExecutionListener;)Lorg/gradle/internal/operations/BuildOperation;+22
j  org.gradle.internal.operations.DefaultBuildOperationRunner$2.execute(Lorg/gradle/internal/operations/BuildOperationDescriptor;Lorg/gradle/internal/operations/BuildOperationState;Lorg/gradle/internal/operations/BuildOperationState;Lorg/gradle/internal/operations/DefaultBuildOperationRunner$ReadableBuildOperationContext;Lorg/gradle/internal/operations/DefaultBuildOperationRunner$BuildOperationExecutionListener;)Ljava/lang/Object;+8
j  org.gradle.internal.operations.DefaultBuildOperationRunner.execute(Lorg/gradle/internal/operations/BuildOperationDescriptor$Builder;Lorg/gradle/internal/operations/DefaultBuildOperationRunner$BuildOperationExecution;)Ljava/lang/Object;+141
j  org.gradle.internal.operations.DefaultBuildOperationRunner.execute(Lorg/gradle/internal/operations/BuildOperation;Lorg/gradle/internal/operations/BuildOperationWorker;)V+17
j  org.gradle.internal.operations.DefaultBuildOperationRunner.run(Lorg/gradle/internal/operations/RunnableBuildOperation;)V+5
j  org.gradle.configuration.BuildOperationScriptPlugin.lambda$apply$0(Ljava/lang/Object;Lorg/gradle/internal/code/UserCodeApplicationId;)V+14
j  org.gradle.configuration.BuildOperationScriptPlugin$$Lambda$527+0x00007f99344a46a0.execute(Ljava/lang/Object;)V+12
j  org.gradle.internal.code.DefaultUserCodeApplicationContext.apply(Lorg/gradle/internal/code/UserCodeSource;Lorg/gradle/api/Action;)V+37
j  org.gradle.configuration.BuildOperationScriptPlugin.apply(Ljava/lang/Object;)V+71
j  org.gradle.configuration.project.BuildScriptProcessor$$Lambda$681+0x00007f99345525b0.accept(Ljava/lang/Object;)V+8
j  org.gradle.api.internal.project.DefaultProjectStateRegistry$ProjectStateImpl.lambda$applyToMutableState$0(Ljava/util/function/Consumer;Lorg/gradle/api/internal/project/ProjectInternal;)Ljava/lang/Object;+2
j  org.gradle.api.internal.project.DefaultProjectStateRegistry$ProjectStateImpl$$Lambda$653+0x00007f9934523728.apply(Ljava/lang/Object;)Ljava/lang/Object;+8
j  org.gradle.api.internal.project.DefaultProjectStateRegistry$ProjectStateImpl.lambda$fromMutableState$1(Ljava/util/function/Function;)Ljava/lang/Object;+5
j  org.gradle.api.internal.project.DefaultProjectStateRegistry$ProjectStateImpl$$Lambda$654+0x00007f9934523970.get()Ljava/lang/Object;+8
j  org.gradle.api.internal.project.DefaultProjectStateRegistry$ProjectStateImpl.runWithModelLock(Ljava/util/function/Supplier;)Ljava/lang/Object;+89
j  org.gradle.api.internal.project.DefaultProjectStateRegistry$ProjectStateImpl.fromMutableState(Ljava/util/function/Function;)Ljava/lang/Object;+8
j  org.gradle.api.internal.project.DefaultProjectStateRegistry$ProjectStateImpl.applyToMutableState(Ljava/util/function/Consumer;)V+7
j  org.gradle.configuration.project.BuildScriptProcessor.execute(Lorg/gradle/api/internal/project/ProjectInternal;)V+88
j  org.gradle.configuration.project.BuildScriptProcessor.execute(Ljava/lang/Object;)V+5
j  org.gradle.configuration.project.ConfigureActionsProjectEvaluator.evaluate(Lorg/gradle/api/internal/project/ProjectInternal;Lorg/gradle/api/internal/project/ProjectStateInternal;)V+33
j  org.gradle.configuration.project.LifecycleProjectEvaluator$EvaluateProject.lambda$run$0(Lorg/gradle/internal/operations/BuildOperationContext;Lorg/gradle/api/internal/project/ProjectInternal;)V+67
j  org.gradle.configuration.project.LifecycleProjectEvaluator$EvaluateProject$$Lambda$652+0x00007f99345234f0.accept(Ljava/lang/Object;)V+12
j  org.gradle.api.internal.project.DefaultProjectStateRegistry$ProjectStateImpl.lambda$applyToMutableState$0(Ljava/util/function/Consumer;Lorg/gradle/api/internal/project/ProjectInternal;)Ljava/lang/Object;+2
j  org.gradle.api.internal.project.DefaultProjectStateRegistry$ProjectStateImpl$$Lambda$653+0x00007f9934523728.apply(Ljava/lang/Object;)Ljava/lang/Object;+8
j  org.gradle.api.internal.project.DefaultProjectStateRegistry$ProjectStateImpl.lambda$fromMutableState$1(Ljava/util/function/Function;)Ljava/lang/Object;+5
j  org.gradle.api.internal.project.DefaultProjectStateRegistry$ProjectStateImpl$$Lambda$654+0x00007f9934523970.get()Ljava/lang/Object;+8
j  org.gradle.api.internal.project.DefaultProjectStateRegistry$ProjectStateImpl$$Lambda$655+0x00007f9934523b98.create()Ljava/lang/Object;+4
j  org.gradle.internal.work.DefaultWorkerLeaseService.lambda$withLocksAcquired$0(Lorg/gradle/internal/Factory;Ljava/util/Collection;)Ljava/lang/Object;+1
j  org.gradle.internal.work.DefaultWorkerLeaseService$$Lambda$214+0x00007f99342418b8.create()Ljava/lang/Object;+12
j  org.gradle.internal.work.ResourceLockStatistics$1.measure(Ljava/lang/String;Ljava/lang/Iterable;Lorg/gradle/internal/Factory;)Ljava/lang/Object;+1
j  org.gradle.internal.work.DefaultWorkerLeaseService.withLocksAcquired(Ljava/util/Collection;Lorg/gradle/internal/Factory;)Ljava/lang/Object;+21
j  org.gradle.internal.work.DefaultWorkerLeaseService.lambda$withReplacedLocks$3(Lorg/gradle/internal/resources/ResourceLock;Lorg/gradle/internal/Factory;)Ljava/lang/Object;+6
j  org.gradle.internal.work.DefaultWorkerLeaseService$$Lambda$656+0x00007f9934523dc0.create()Ljava/lang/Object;+12
j  org.gradle.internal.work.DefaultWorkerLeaseService.withoutLocks(Ljava/util/Collection;Lorg/gradle/internal/Factory;)Ljava/lang/Object;+10
j  org.gradle.internal.work.DefaultWorkerLeaseService.withReplacedLocks(Ljava/util/Collection;Lorg/gradle/internal/resources/ResourceLock;Lorg/gradle/internal/Factory;)Ljava/lang/Object;+27
j  org.gradle.api.internal.project.DefaultProjectStateRegistry$ProjectStateImpl.runWithModelLock(Ljava/util/function/Supplier;)Ljava/lang/Object;+129
j  org.gradle.api.internal.project.DefaultProjectStateRegistry$ProjectStateImpl.fromMutableState(Ljava/util/function/Function;)Ljava/lang/Object;+8
j  org.gradle.api.internal.project.DefaultProjectStateRegistry$ProjectStateImpl.applyToMutableState(Ljava/util/function/Consumer;)V+7
j  org.gradle.configuration.project.LifecycleProjectEvaluator$EvaluateProject.run(Lorg/gradle/internal/operations/BuildOperationContext;)V+16
j  org.gradle.internal.operations.DefaultBuildOperationRunner$1.execute(Lorg/gradle/internal/operations/RunnableBuildOperation;Lorg/gradle/internal/operations/BuildOperationContext;)V+2
j  org.gradle.internal.operations.DefaultBuildOperationRunner$1.execute(Lorg/gradle/internal/operations/BuildOperation;Lorg/gradle/internal/operations/BuildOperationContext;)V+6
j  org.gradle.internal.operations.DefaultBuildOperationRunner$2.execute(Lorg/gradle/internal/operations/BuildOperationDescriptor;Lorg/gradle/internal/operations/BuildOperationState;Lorg/gradle/internal/operations/BuildOperationState;Lorg/gradle/internal/operations/DefaultBuildOperationRunner$ReadableBuildOperationContext;Lorg/gradle/internal/operations/DefaultBuildOperationRunner$BuildOperationExecutionListener;)Lorg/gradle/internal/operations/BuildOperation;+22
j  org.gradle.internal.operations.DefaultBuildOperationRunner$2.execute(Lorg/gradle/internal/operations/BuildOperationDescriptor;Lorg/gradle/internal/operations/BuildOperationState;Lorg/gradle/internal/operations/BuildOperationState;Lorg/gradle/internal/operations/DefaultBuildOperationRunner$ReadableBuildOperationContext;Lorg/gradle/internal/operations/DefaultBuildOperationRunner$BuildOperationExecutionListener;)Ljava/lang/Object;+8
j  org.gradle.internal.operations.DefaultBuildOperationRunner.execute(Lorg/gradle/internal/operations/BuildOperationDescriptor$Builder;Lorg/gradle/internal/operations/DefaultBuildOperationRunner$BuildOperationExecution;)Ljava/lang/Object;+141
j  org.gradle.internal.operations.DefaultBuildOperationRunner.execute(Lorg/gradle/internal/operations/BuildOperation;Lorg/gradle/internal/operations/BuildOperationWorker;)V+17
j  org.gradle.internal.operations.DefaultBuildOperationRunner.run(Lorg/gradle/internal/operations/RunnableBuildOperation;)V+5
j  org.gradle.configuration.project.LifecycleProjectEvaluator.evaluate(Lorg/gradle/api/internal/project/ProjectInternal;Lorg/gradle/api/internal/project/ProjectStateInternal;)V+42
j  org.gradle.api.internal.project.DefaultProject.evaluateUnchecked()Lorg/gradle/api/internal/project/ProjectInternal;+20
j  org.gradle.api.internal.project.ProjectLifecycleController.lambda$ensureSelfConfigured$2()V+4
j  org.gradle.api.internal.project.ProjectLifecycleController$$Lambda$650+0x00007f9934521a80.run()V+4
j  org.gradle.internal.model.StateTransitionController.lambda$doTransition$15(Ljava/lang/Runnable;)Lorg/gradle/internal/build/ExecutionResult;+1
j  org.gradle.internal.model.StateTransitionController$$Lambda$332+0x00007f9934380000.get()Ljava/lang/Object;+4
j  org.gradle.internal.model.StateTransitionController.doTransition(Lorg/gradle/internal/model/StateTransitionController$State;Lorg/gradle/internal/model/StateTransitionController$State;Ljava/util/function/Supplier;)Lorg/gradle/internal/build/ExecutionResult;+24
j  org.gradle.internal.model.StateTransitionController.doTransition(Lorg/gradle/internal/model/StateTransitionController$State;Lorg/gradle/internal/model/StateTransitionController$State;Ljava/lang/Runnable;)V+9
j  org.gradle.internal.model.StateTransitionController.lambda$maybeTransitionIfNotCurrentlyTransitioning$11(Lorg/gradle/internal/model/StateTransitionController$State;Lorg/gradle/internal/model/StateTransitionController$State;Ljava/lang/Runnable;)V+16
j  org.gradle.internal.model.StateTransitionController$$Lambda$651+0x00007f9934521ca8.run()V+16
j  org.gradle.internal.work.DefaultSynchronizer.withLock(Ljava/lang/Runnable;)V+6
j  org.gradle.internal.model.StateTransitionController.maybeTransitionIfNotCurrentlyTransitioning(Lorg/gradle/internal/model/StateTransitionController$State;Lorg/gradle/internal/model/StateTransitionController$State;Ljava/lang/Runnable;)V+13
j  org.gradle.api.internal.project.ProjectLifecycleController.ensureSelfConfigured()V+16
j  org.gradle.api.internal.project.DefaultProjectStateRegistry$ProjectStateImpl.ensureConfigured()V+19
j  org.gradle.execution.TaskPathProjectEvaluator.configure(Lorg/gradle/api/internal/project/ProjectInternal;)V+6
j  org.gradle.execution.TaskPathProjectEvaluator.configureHierarchy(Lorg/gradle/api/internal/project/ProjectInternal;)V+2
j  org.gradle.configuration.DefaultProjectsPreparer.prepareProjects(Lorg/gradle/api/internal/GradleInternal;)V+52
j  org.gradle.configuration.BuildTreePreparingProjectsPreparer.prepareProjects(Lorg/gradle/api/internal/GradleInternal;)V+114
j  org.gradle.configuration.BuildOperationFiringProjectsPreparer$ConfigureBuild.run(Lorg/gradle/internal/operations/BuildOperationContext;)V+11
j  org.gradle.internal.operations.DefaultBuildOperationRunner$1.execute(Lorg/gradle/internal/operations/RunnableBuildOperation;Lorg/gradle/internal/operations/BuildOperationContext;)V+2
j  org.gradle.internal.operations.DefaultBuildOperationRunner$1.execute(Lorg/gradle/internal/operations/BuildOperation;Lorg/gradle/internal/operations/BuildOperationContext;)V+6
j  org.gradle.internal.operations.DefaultBuildOperationRunner$2.execute(Lorg/gradle/internal/operations/BuildOperationDescriptor;Lorg/gradle/internal/operations/BuildOperationState;Lorg/gradle/internal/operations/BuildOperationState;Lorg/gradle/internal/operations/DefaultBuildOperationRunner$ReadableBuildOperationContext;Lorg/gradle/internal/operations/DefaultBuildOperationRunner$BuildOperationExecutionListener;)Lorg/gradle/internal/operations/BuildOperation;+22
j  org.gradle.internal.operations.DefaultBuildOperationRunner$2.execute(Lorg/gradle/internal/operations/BuildOperationDescriptor;Lorg/gradle/internal/operations/BuildOperationState;Lorg/gradle/internal/operations/BuildOperationState;Lorg/gradle/internal/operations/DefaultBuildOperationRunner$ReadableBuildOperationContext;Lorg/gradle/internal/operations/DefaultBuildOperationRunner$BuildOperationExecutionListener;)Ljava/lang/Object;+8
j  org.gradle.internal.operations.DefaultBuildOperationRunner.execute(Lorg/gradle/internal/operations/BuildOperationDescriptor$Builder;Lorg/gradle/internal/operations/DefaultBuildOperationRunner$BuildOperationExecution;)Ljava/lang/Object;+141
j  org.gradle.internal.operations.DefaultBuildOperationRunner.execute(Lorg/gradle/internal/operations/BuildOperation;Lorg/gradle/internal/operations/BuildOperationWorker;)V+17
j  org.gradle.internal.operations.DefaultBuildOperationRunner.run(Lorg/gradle/internal/operations/RunnableBuildOperation;)V+5
j  org.gradle.configuration.BuildOperationFiringProjectsPreparer.prepareProjects(Lorg/gradle/api/internal/GradleInternal;)V+13
j  org.gradle.initialization.VintageBuildModelController.lambda$prepareProjects$2()V+8
j  org.gradle.initialization.VintageBuildModelController$$Lambda$626+0x00007f99344eb8b8.run()V+4
j  org.gradle.internal.model.StateTransitionController.lambda$doTransition$15(Ljava/lang/Runnable;)Lorg/gradle/internal/build/ExecutionResult;+1
j  org.gradle.internal.model.StateTransitionController$$Lambda$332+0x00007f9934380000.get()Ljava/lang/Object;+4
j  org.gradle.internal.model.StateTransitionController.doTransition(Lorg/gradle/internal/model/StateTransitionController$State;Lorg/gradle/internal/model/StateTransitionController$State;Ljava/util/function/Supplier;)Lorg/gradle/internal/build/ExecutionResult;+24
j  org.gradle.internal.model.StateTransitionController.doTransition(Lorg/gradle/internal/model/StateTransitionController$State;Lorg/gradle/internal/model/StateTransitionController$State;Ljava/lang/Runnable;)V+9
j  org.gradle.internal.model.StateTransitionController.lambda$transitionIfNotPreviously$12(Lorg/gradle/internal/model/StateTransitionController$State;Lorg/gradle/internal/model/StateTransitionController$State;Ljava/lang/Runnable;)V+16
j  org.gradle.internal.model.StateTransitionController$$Lambda$334+0x00007f9934380450.run()V+16
j  org.gradle.internal.work.DefaultSynchronizer.withLock(Ljava/lang/Runnable;)V+6
j  org.gradle.internal.model.StateTransitionController.transitionIfNotPreviously(Lorg/gradle/internal/model/StateTransitionController$State;Lorg/gradle/internal/model/StateTransitionController$State;Ljava/lang/Runnable;)V+13
j  org.gradle.initialization.VintageBuildModelController.prepareProjects()V+16
j  org.gradle.initialization.VintageBuildModelController.prepareToScheduleTasks()V+5
j  org.gradle.internal.build.DefaultBuildLifecycleController.lambda$prepareToScheduleTasks$7()V+9
j  org.gradle.internal.build.DefaultBuildLifecycleController$$Lambda$330+0x00007f993437fa28.run()V+4
j  org.gradle.internal.model.StateTransitionController.lambda$doTransition$15(Ljava/lang/Runnable;)Lorg/gradle/internal/build/ExecutionResult;+1
j  org.gradle.internal.model.StateTransitionController$$Lambda$332+0x00007f9934380000.get()Ljava/lang/Object;+4
j  org.gradle.internal.model.StateTransitionController.doTransition(Lorg/gradle/internal/model/StateTransitionController$State;Lorg/gradle/internal/model/StateTransitionController$State;Ljava/util/function/Supplier;)Lorg/gradle/internal/build/ExecutionResult;+24
j  org.gradle.internal.model.StateTransitionController.doTransition(Lorg/gradle/internal/model/StateTransitionController$State;Lorg/gradle/internal/model/StateTransitionController$State;Ljava/lang/Runnable;)V+9
j  org.gradle.internal.model.StateTransitionController.lambda$maybeTransition$10(Lorg/gradle/internal/model/StateTransitionController$State;Lorg/gradle/internal/model/StateTransitionController$State;Ljava/lang/Runnable;)V+16
j  org.gradle.internal.model.StateTransitionController$$Lambda$331+0x00007f993437fc50.run()V+16
j  org.gradle.internal.work.DefaultSynchronizer.withLock(Ljava/lang/Runnable;)V+6
j  org.gradle.internal.model.StateTransitionController.maybeTransition(Lorg/gradle/internal/model/StateTransitionController$State;Lorg/gradle/internal/model/StateTransitionController$State;Ljava/lang/Runnable;)V+13
j  org.gradle.internal.build.DefaultBuildLifecycleController.prepareToScheduleTasks()V+16
j  org.gradle.internal.buildtree.DefaultBuildTreeWorkPreparer.scheduleRequestedTasks(Lorg/gradle/internal/buildtree/BuildTreeWorkGraph;Lorg/gradle/execution/EntryTaskSelector;)Lorg/gradle/internal/buildtree/BuildTreeWorkGraph$FinalizedGraph;+4
j  org.gradle.internal.cc.impl.barrier.BarrierAwareBuildTreeWorkPreparer.scheduleRequestedTasks$lambda$0(Lorg/gradle/internal/cc/impl/barrier/BarrierAwareBuildTreeWorkPreparer;Lorg/gradle/internal/buildtree/BuildTreeWorkGraph;Lorg/gradle/execution/EntryTaskSelector;)Lorg/gradle/internal/buildtree/BuildTreeWorkGraph$FinalizedGraph;+6
j  org.gradle.internal.cc.impl.barrier.BarrierAwareBuildTreeWorkPreparer$$Lambda$329+0x00007f993436a240.invoke()Ljava/lang/Object;+12
j  org.gradle.internal.cc.impl.barrier.VintageConfigurationTimeActionRunner.runConfigurationTimeAction(Lkotlin/jvm/functions/Function0;)Ljava/lang/Object;+25
j  org.gradle.internal.cc.impl.barrier.BarrierAwareBuildTreeWorkPreparer.scheduleRequestedTasks(Lorg/gradle/internal/buildtree/BuildTreeWorkGraph;Lorg/gradle/execution/EntryTaskSelector;)Lorg/gradle/internal/buildtree/BuildTreeWorkGraph$FinalizedGraph;+18
j  org.gradle.internal.cc.impl.VintageBuildTreeWorkController$scheduleAndRunRequestedTasks$1$finalizedGraph$1.call()Lorg/gradle/internal/buildtree/BuildTreeWorkGraph$FinalizedGraph;+15
j  org.gradle.internal.cc.impl.VintageBuildTreeWorkController$scheduleAndRunRequestedTasks$1$finalizedGraph$1.call()Ljava/lang/Object;+1
j  org.gradle.internal.Try.ofFailable(Ljava/util/concurrent/Callable;)Lorg/gradle/internal/Try;+1
j  org.gradle.internal.cc.impl.VintageBuildTreeWorkController$scheduleAndRunRequestedTasks$1.apply(Lorg/gradle/internal/buildtree/BuildTreeWorkGraph;)Lorg/gradle/internal/buildtree/BuildTreeWorkController$TaskRunResult;+25
j  org.gradle.internal.cc.impl.VintageBuildTreeWorkController$scheduleAndRunRequestedTasks$1.apply(Ljava/lang/Object;)Ljava/lang/Object;+5
j  org.gradle.composite.internal.DefaultIncludedBuildTaskGraph.withNewWorkGraph(Ljava/util/function/Function;)Ljava/lang/Object;+30
j  org.gradle.internal.cc.impl.VintageBuildTreeWorkController.scheduleAndRunRequestedTasks(Lorg/gradle/execution/EntryTaskSelector;)Lorg/gradle/internal/buildtree/BuildTreeWorkController$TaskRunResult;+16
j  org.gradle.internal.buildtree.DefaultBuildTreeLifecycleController.lambda$scheduleAndRunTasks$1(Lorg/gradle/execution/EntryTaskSelector;)Lorg/gradle/internal/build/ExecutionResult;+5
j  org.gradle.internal.buildtree.DefaultBuildTreeLifecycleController$$Lambda$324+0x00007f993437dfa0.get()Ljava/lang/Object;+8
j  org.gradle.internal.buildtree.DefaultBuildTreeLifecycleController.lambda$runBuild$5(Ljava/util/function/Supplier;)Ljava/lang/Object;+1
j  org.gradle.internal.buildtree.DefaultBuildTreeLifecycleController$$Lambda$325+0x00007f993437e1c8.get()Ljava/lang/Object;+8
j  org.gradle.internal.model.StateTransitionController.lambda$transition$7(Ljava/util/function/Supplier;)Lorg/gradle/internal/build/ExecutionResult;+1
j  org.gradle.internal.model.StateTransitionController$$Lambda$327+0x00007f993437e618.get()Ljava/lang/Object;+4
j  org.gradle.internal.model.StateTransitionController.doTransition(Lorg/gradle/internal/model/StateTransitionController$State;Lorg/gradle/internal/model/StateTransitionController$State;Ljava/util/function/Supplier;)Lorg/gradle/internal/build/ExecutionResult;+24
j  org.gradle.internal.model.StateTransitionController.lambda$transition$8(Lorg/gradle/internal/model/StateTransitionController$State;Lorg/gradle/internal/model/StateTransitionController$State;Ljava/util/function/Supplier;)Ljava/lang/Object;+9
j  org.gradle.internal.model.StateTransitionController$$Lambda$326+0x00007f993437e3f0.create()Ljava/lang/Object;+16
j  org.gradle.internal.work.DefaultSynchronizer.withLock(Lorg/gradle/internal/Factory;)Ljava/lang/Object;+6
j  org.gradle.internal.model.StateTransitionController.transition(Lorg/gradle/internal/model/StateTransitionController$State;Lorg/gradle/internal/model/StateTransitionController$State;Ljava/util/function/Supplier;)Ljava/lang/Object;+13
j  org.gradle.internal.buildtree.DefaultBuildTreeLifecycleController.runBuild(Ljava/util/function/Supplier;)Ljava/lang/Object;+17
j  org.gradle.internal.buildtree.DefaultBuildTreeLifecycleController.scheduleAndRunTasks(Lorg/gradle/execution/EntryTaskSelector;)V+8
j  org.gradle.internal.buildtree.DefaultBuildTreeLifecycleController.scheduleAndRunTasks()V+2
j  org.gradle.tooling.internal.provider.ExecuteBuildActionRunner.run(Lorg/gradle/internal/invocation/BuildAction;Lorg/gradle/internal/buildtree/BuildTreeLifecycleController;)Lorg/gradle/internal/buildtree/BuildActionRunner$Result;+12
j  org.gradle.launcher.exec.ChainingBuildActionRunner.run(Lorg/gradle/internal/invocation/BuildAction;Lorg/gradle/internal/buildtree/BuildTreeLifecycleController;)Lorg/gradle/internal/buildtree/BuildActionRunner$Result;+34
j  org.gradle.internal.buildtree.ProblemReportingBuildActionRunner.run(Lorg/gradle/internal/invocation/BuildAction;Lorg/gradle/internal/buildtree/BuildTreeLifecycleController;)Lorg/gradle/internal/buildtree/BuildActionRunner$Result;+12
j  org.gradle.launcher.exec.BuildOutcomeReportingBuildActionRunner.run(Lorg/gradle/internal/invocation/BuildAction;Lorg/gradle/internal/buildtree/BuildTreeLifecycleController;)Lorg/gradle/internal/buildtree/BuildActionRunner$Result;+69
j  org.gradle.tooling.internal.provider.FileSystemWatchingBuildActionRunner.run(Lorg/gradle/internal/invocation/BuildAction;Lorg/gradle/internal/buildtree/BuildTreeLifecycleController;)Lorg/gradle/internal/buildtree/BuildActionRunner$Result;+317
j  org.gradle.launcher.exec.BuildCompletionNotifyingBuildActionRunner.run(Lorg/gradle/internal/invocation/BuildAction;Lorg/gradle/internal/buildtree/BuildTreeLifecycleController;)Lorg/gradle/internal/buildtree/BuildActionRunner$Result;+6
j  org.gradle.launcher.exec.RootBuildLifecycleBuildActionExecutor.lambda$execute$0(Lorg/gradle/internal/invocation/BuildAction;Lorg/gradle/internal/buildtree/BuildTreeLifecycleController;)Lorg/gradle/internal/buildtree/BuildActionRunner$Result;+6
j  org.gradle.launcher.exec.RootBuildLifecycleBuildActionExecutor$$Lambda$316+0x00007f993436e480.apply(Ljava/lang/Object;)Ljava/lang/Object;+12
j  org.gradle.composite.internal.DefaultRootBuildState.run(Ljava/util/function/Function;)Ljava/lang/Object;+92
j  org.gradle.launcher.exec.RootBuildLifecycleBuildActionExecutor.execute(Lorg/gradle/internal/invocation/BuildAction;)Lorg/gradle/internal/buildtree/BuildActionRunner$Result;+91
j  org.gradle.launcher.exec.BuildTreeLifecycleBuildActionExecutor.runRootBuildAction(Lorg/gradle/internal/invocation/BuildAction;Lorg/gradle/internal/service/ServiceRegistry;Lorg/gradle/internal/buildtree/BuildActionModelRequirements;Lorg/gradle/internal/buildtree/BuildModelParameters;)Lorg/gradle/internal/buildtree/BuildActionRunner$Result;+42
j  org.gradle.launcher.exec.BuildTreeLifecycleBuildActionExecutor.execute(Lorg/gradle/internal/invocation/BuildAction;Lorg/gradle/internal/session/BuildSessionContext;)Lorg/gradle/internal/buildtree/BuildActionRunner$Result;+50
j  org.gradle.launcher.exec.RunAsBuildOperationBuildActionExecutor$2.call(Lorg/gradle/internal/operations/BuildOperationContext;)Lorg/gradle/internal/buildtree/BuildActionRunner$Result;+25
j  org.gradle.launcher.exec.RunAsBuildOperationBuildActionExecutor$2.call(Lorg/gradle/internal/operations/BuildOperationContext;)Ljava/lang/Object;+2
j  org.gradle.internal.operations.DefaultBuildOperationRunner$CallableBuildOperationWorker.execute(Lorg/gradle/internal/operations/CallableBuildOperation;Lorg/gradle/internal/operations/BuildOperationContext;)V+3
j  org.gradle.internal.operations.DefaultBuildOperationRunner$CallableBuildOperationWorker.execute(Lorg/gradle/internal/operations/BuildOperation;Lorg/gradle/internal/operations/BuildOperationContext;)V+6
j  org.gradle.internal.operations.DefaultBuildOperationRunner$2.execute(Lorg/gradle/internal/operations/BuildOperationDescriptor;Lorg/gradle/internal/operations/BuildOperationState;Lorg/gradle/internal/operations/BuildOperationState;Lorg/gradle/internal/operations/DefaultBuildOperationRunner$ReadableBuildOperationContext;Lorg/gradle/internal/operations/DefaultBuildOperationRunner$BuildOperationExecutionListener;)Lorg/gradle/internal/operations/BuildOperation;+22
j  org.gradle.internal.operations.DefaultBuildOperationRunner$2.execute(Lorg/gradle/internal/operations/BuildOperationDescriptor;Lorg/gradle/internal/operations/BuildOperationState;Lorg/gradle/internal/operations/BuildOperationState;Lorg/gradle/internal/operations/DefaultBuildOperationRunner$ReadableBuildOperationContext;Lorg/gradle/internal/operations/DefaultBuildOperationRunner$BuildOperationExecutionListener;)Ljava/lang/Object;+8
j  org.gradle.internal.operations.DefaultBuildOperationRunner.execute(Lorg/gradle/internal/operations/BuildOperationDescriptor$Builder;Lorg/gradle/internal/operations/DefaultBuildOperationRunner$BuildOperationExecution;)Ljava/lang/Object;+141
j  org.gradle.internal.operations.DefaultBuildOperationRunner.execute(Lorg/gradle/internal/operations/BuildOperation;Lorg/gradle/internal/operations/BuildOperationWorker;)V+17
j  org.gradle.internal.operations.DefaultBuildOperationRunner.call(Lorg/gradle/internal/operations/CallableBuildOperation;)Ljava/lang/Object;+12
j  org.gradle.launcher.exec.RunAsBuildOperationBuildActionExecutor.execute(Lorg/gradle/internal/invocation/BuildAction;Lorg/gradle/internal/session/BuildSessionContext;)Lorg/gradle/internal/buildtree/BuildActionRunner$Result;+23
j  org.gradle.launcher.exec.RunAsWorkerThreadBuildActionExecutor.lambda$execute$0(Lorg/gradle/internal/invocation/BuildAction;Lorg/gradle/internal/session/BuildSessionContext;)Lorg/gradle/internal/buildtree/BuildActionRunner$Result;+6
j  org.gradle.launcher.exec.RunAsWorkerThreadBuildActionExecutor$$Lambda$212+0x00007f9934242c08.create()Ljava/lang/Object;+12
j  org.gradle.internal.work.DefaultWorkerLeaseService.lambda$withLocksAcquired$0(Lorg/gradle/internal/Factory;Ljava/util/Collection;)Ljava/lang/Object;+1
j  org.gradle.internal.work.DefaultWorkerLeaseService$$Lambda$214+0x00007f99342418b8.create()Ljava/lang/Object;+12
j  org.gradle.internal.work.ResourceLockStatistics$1.measure(Ljava/lang/String;Ljava/lang/Iterable;Lorg/gradle/internal/Factory;)Ljava/lang/Object;+1
j  org.gradle.internal.work.DefaultWorkerLeaseService.withLocksAcquired(Ljava/util/Collection;Lorg/gradle/internal/Factory;)Ljava/lang/Object;+21
j  org.gradle.internal.work.DefaultWorkerLeaseService.withLocks(Ljava/util/Collection;Lorg/gradle/internal/Factory;)Ljava/lang/Object;+25
j  org.gradle.internal.work.DefaultWorkerLeaseService.runAsWorkerThread(Lorg/gradle/internal/Factory;)Ljava/lang/Object;+33
j  org.gradle.launcher.exec.RunAsWorkerThreadBuildActionExecutor.execute(Lorg/gradle/internal/invocation/BuildAction;Lorg/gradle/internal/session/BuildSessionContext;)Lorg/gradle/internal/buildtree/BuildActionRunner$Result;+12
j  org.gradle.tooling.internal.provider.continuous.ContinuousBuildActionExecutor.execute(Lorg/gradle/internal/invocation/BuildAction;Lorg/gradle/internal/session/BuildSessionContext;)Lorg/gradle/internal/buildtree/BuildActionRunner$Result;+58
j  org.gradle.tooling.internal.provider.SubscribableBuildActionExecutor.execute(Lorg/gradle/internal/invocation/BuildAction;Lorg/gradle/internal/session/BuildSessionContext;)Lorg/gradle/internal/buildtree/BuildActionRunner$Result;+30
j  org.gradle.internal.session.DefaultBuildSessionContext.execute(Lorg/gradle/internal/invocation/BuildAction;)Lorg/gradle/internal/buildtree/BuildActionRunner$Result;+64
j  org.gradle.internal.buildprocess.execution.BuildSessionLifecycleBuildActionExecutor$ActionImpl.apply(Lorg/gradle/internal/session/BuildSessionContext;)Lorg/gradle/launcher/exec/BuildActionResult;+6
j  org.gradle.internal.buildprocess.execution.BuildSessionLifecycleBuildActionExecutor$ActionImpl.apply(Ljava/lang/Object;)Ljava/lang/Object;+5
j  org.gradle.internal.session.BuildSessionState.run(Ljava/util/function/Function;)Ljava/lang/Object;+5
j  org.gradle.internal.buildprocess.execution.BuildSessionLifecycleBuildActionExecutor.execute(Lorg/gradle/internal/invocation/BuildAction;Lorg/gradle/launcher/exec/BuildActionParameters;Lorg/gradle/initialization/BuildRequestContext;)Lorg/gradle/launcher/exec/BuildActionResult;+105
j  org.gradle.internal.buildprocess.execution.BuildSessionLifecycleBuildActionExecutor.execute(Lorg/gradle/internal/invocation/BuildAction;Ljava/lang/Object;Ljava/lang/Object;)Lorg/gradle/launcher/exec/BuildActionResult;+10
j  org.gradle.internal.buildprocess.execution.StartParamsValidatingActionExecutor.execute(Lorg/gradle/internal/invocation/BuildAction;Lorg/gradle/launcher/exec/BuildActionParameters;Lorg/gradle/initialization/BuildRequestContext;)Lorg/gradle/launcher/exec/BuildActionResult;+142
j  org.gradle.internal.buildprocess.execution.StartParamsValidatingActionExecutor.execute(Lorg/gradle/internal/invocation/BuildAction;Ljava/lang/Object;Ljava/lang/Object;)Lorg/gradle/launcher/exec/BuildActionResult;+10
j  org.gradle.internal.buildprocess.execution.SessionFailureReportingActionExecutor.execute(Lorg/gradle/internal/invocation/BuildAction;Lorg/gradle/launcher/exec/BuildActionParameters;Lorg/gradle/initialization/BuildRequestContext;)Lorg/gradle/launcher/exec/BuildActionResult;+7
j  org.gradle.internal.buildprocess.execution.SessionFailureReportingActionExecutor.execute(Lorg/gradle/internal/invocation/BuildAction;Ljava/lang/Object;Ljava/lang/Object;)Lorg/gradle/launcher/exec/BuildActionResult;+10
j  org.gradle.internal.buildprocess.execution.SetupLoggingActionExecutor.execute(Lorg/gradle/internal/invocation/BuildAction;Lorg/gradle/launcher/exec/BuildActionParameters;Lorg/gradle/initialization/BuildRequestContext;)Lorg/gradle/launcher/exec/BuildActionResult;+50
j  org.gradle.internal.buildprocess.execution.SetupLoggingActionExecutor.execute(Lorg/gradle/internal/invocation/BuildAction;Ljava/lang/Object;Ljava/lang/Object;)Lorg/gradle/launcher/exec/BuildActionResult;+10
j  org.gradle.launcher.daemon.server.exec.ExecuteBuild.doBuild(Lorg/gradle/launcher/daemon/server/api/DaemonCommandExecution;Lorg/gradle/launcher/daemon/protocol/Build;)V+147
j  org.gradle.launcher.daemon.server.exec.BuildCommandOnly.execute(Lorg/gradle/launcher/daemon/server/api/DaemonCommandExecution;)V+49
j  org.gradle.launcher.daemon.server.api.DaemonCommandExecution.proceed()Z+23
j  org.gradle.launcher.daemon.server.exec.WatchForDisconnection.execute(Lorg/gradle/launcher/daemon/server/api/DaemonCommandExecution;)V+19
j  org.gradle.launcher.daemon.server.api.DaemonCommandExecution.proceed()Z+23
j  org.gradle.launcher.daemon.server.exec.ResetDeprecationLogger.execute(Lorg/gradle/launcher/daemon/server/api/DaemonCommandExecution;)V+7
j  org.gradle.launcher.daemon.server.api.DaemonCommandExecution.proceed()Z+23
j  org.gradle.launcher.daemon.server.exec.RequestStopIfSingleUsedDaemon.execute(Lorg/gradle/launcher/daemon/server/api/DaemonCommandExecution;)V+33
j  org.gradle.launcher.daemon.server.api.DaemonCommandExecution.proceed()Z+23
j  org.gradle.launcher.daemon.server.exec.ForwardClientInput.lambda$execute$0(Lorg/gradle/launcher/daemon/server/api/DaemonCommandExecution;Lorg/gradle/internal/daemon/clientinput/StdinHandler;)Ljava/lang/Object;+11
j  org.gradle.launcher.daemon.server.exec.ForwardClientInput$$Lambda$115+0x00007f99341393e0.apply(Ljava/lang/Object;)Ljava/lang/Object;+8
j  org.gradle.internal.daemon.clientinput.ClientInputForwarder.forwardInput(Ljava/util/function/Function;)Ljava/lang/Object;+46
j  org.gradle.launcher.daemon.server.exec.ForwardClientInput.execute(Lorg/gradle/launcher/daemon/server/api/DaemonCommandExecution;)V+10
j  org.gradle.launcher.daemon.server.api.DaemonCommandExecution.proceed()Z+23
j  org.gradle.launcher.daemon.server.exec.LogAndCheckHealth.execute(Lorg/gradle/launcher/daemon/server/api/DaemonCommandExecution;)V+51
j  org.gradle.launcher.daemon.server.api.DaemonCommandExecution.proceed()Z+23
j  org.gradle.launcher.daemon.server.exec.LogToClient.doBuild(Lorg/gradle/launcher/daemon/server/api/DaemonCommandExecution;Lorg/gradle/launcher/daemon/protocol/Build;)V+87
j  org.gradle.launcher.daemon.server.exec.BuildCommandOnly.execute(Lorg/gradle/launcher/daemon/server/api/DaemonCommandExecution;)V+49
j  org.gradle.launcher.daemon.server.api.DaemonCommandExecution.proceed()Z+23
j  org.gradle.launcher.daemon.server.exec.EstablishBuildEnvironment.doBuild(Lorg/gradle/launcher/daemon/server/api/DaemonCommandExecution;Lorg/gradle/launcher/daemon/protocol/Build;)V+356
j  org.gradle.launcher.daemon.server.exec.BuildCommandOnly.execute(Lorg/gradle/launcher/daemon/server/api/DaemonCommandExecution;)V+49
j  org.gradle.launcher.daemon.server.api.DaemonCommandExecution.proceed()Z+23
j  org.gradle.launcher.daemon.server.exec.StartBuildOrRespondWithBusy$1.run()V+44
j  org.gradle.launcher.daemon.server.DaemonStateCoordinator.lambda$runCommand$0(Ljava/lang/Runnable;)V+1
j  org.gradle.launcher.daemon.server.DaemonStateCoordinator$$Lambda$114+0x00007f9934138000.run()V+8
j  org.gradle.internal.concurrent.ExecutorPolicy$CatchAndRecordFailures.onExecute(Ljava/lang/Runnable;)V+1
j  org.gradle.internal.concurrent.AbstractManagedExecutor$1.run()V+25
j  java.util.concurrent.ThreadPoolExecutor.runWorker(Ljava/util/concurrent/ThreadPoolExecutor$Worker;)V+92 java.base@17.0.20
j  java.util.concurrent.ThreadPoolExecutor$Worker.run()V+5 java.base@17.0.20
j  java.lang.Thread.run()V+11 java.base@17.0.20
v  ~StubRoutines::call_stub

Compiled method (n/a) 27539 1842     n 0       java.lang.ClassLoader::defineClass0 (native)
 total in heap  [0x00007f996d08be10,0x00007f996d08c2c0] = 1200
 relocation     [0x00007f996d08bf70,0x00007f996d08bfa8] = 56
 main code      [0x00007f996d08bfc0,0x00007f996d08c2c0] = 768

[Constant Pool (empty)]

[MachCode]
[Entry Point]
  # {method} {0x00007f9933011710} 'defineClass0' '(Ljava/lang/ClassLoader;Ljava/lang/Class;Ljava/lang/String;[BIILjava/security/ProtectionDomain;ZILjava/lang/Object;)Ljava/lang/Class;' in 'java/lang/ClassLoader'
  # parm0:    rsi:rsi   = 'java/lang/ClassLoader'
  # parm1:    rdx:rdx   = 'java/lang/Class'
  # parm2:    rcx:rcx   = 'java/lang/String'
  # parm3:    r8:r8     = '[B'
  # parm4:    r9        = int
  # parm5:    rdi       = int
  # parm6:    [sp+0x80]   = 'java/security/ProtectionDomain'  (sp of caller)
  # parm7:    [sp+0x88]   = boolean
  # parm8:    [sp+0x90]   = int
  # parm9:    [sp+0x98]   = 'java/lang/Object'
  0x00007f996d08bfc0: 448b 5608 | 49bb 0000 | 0033 997f | 0000 4d03 | d349 3bc2 | 0f84 0600 

  0x00007f996d08bfd8: ;   {runtime_call ic_miss_stub}
  0x00007f996d08bfd8: 0000 e9a1 | e1a0 ff90 
[Verified Entry Point]
  0x00007f996d08bfe0: 8984 2400 | c0fe ff55 | 488b ec48 | 83ec 7048 | 817d 2800 | 0000 0048 | 8d45 2848 | 0f44 4528 
  0x00007f996d08c000: 4889 4424 | 2848 6345 | 2048 8944 | 2420 4863 | 4518 4889 | 4424 1848 | 817d 1000 | 0000 0048 
  0x00007f996d08c020: 8d45 1048 | 0f44 4510 | 4889 4424 | 1048 897c | 2408 4c89 | 0c24 4c89 | 4424 4849 | 83f8 004c 
  0x00007f996d08c040: 8d4c 2448 | 4c0f 444c | 2448 4889 | 4c24 4048 | 83f9 004c | 8d44 2440 | 4c0f 4444 | 2440 4889 
  0x00007f996d08c060: 5424 3848 | 83fa 0048 | 8d4c 2438 | 480f 444c | 2438 4889 | 7424 3048 | 83fe 0048 | 8d54 2430 
  0x00007f996d08c080: 480f 4454 

  0x00007f996d08c084: ;   {oop(a 'java/lang/Class'{0x00000000ffe01218} = 'java/lang/ClassLoader')}
  0x00007f996d08c084: 2430 49be | 1812 e0ff | 0000 0000 | 4c89 7424 | 604c 8d74 | 2460 498b | f6c5 f877 

  0x00007f996d08c0a0: ;   {internal_word}
  0x00007f996d08c0a0: 49ba 9dc0 | 086d 997f | 0000 4d89 | 9798 0200 | 0049 89a7 | 9002 0000 

  0x00007f996d08c0b8: ;   {external_word}
  0x00007f996d08c0b8: 803d 66e1 | 0a16 000f | 843e 0000 | 0056 5251 | 4150 4151 

  0x00007f996d08c0cc: ;   {metadata({method} {0x00007f9933011710} 'defineClass0' '(Ljava/lang/ClassLoader;Ljava/lang/Class;Ljava/lang/String;[BIILjava/security/ProtectionDomain;ZILjava/lang/Object;)Ljava/lang/Class;' in 'java/lang/ClassLoader')}
  0x00007f996d08c0cc: 48be 1017 | 0133 997f | 0000 498b | fff7 c40f | 0000 000f | 8412 0000 | 0048 83ec 

  0x00007f996d08c0e8: ;   {runtime_call SharedRuntime::dtrace_method_entry(JavaThread*, Method*)}
  0x00007f996d08c0e8: 08e8 b2b8 | a615 4883 | c408 e905 

  0x00007f996d08c0f4: ;   {runtime_call SharedRuntime::dtrace_method_entry(JavaThread*, Method*)}
  0x00007f996d08c0f4: 0000 00e8 | a4b8 a615 | 4159 4158 | 595a 5e49 | 8dbf b002 | 0000 41c7 | 8738 0300 | 0004 0000 
  0x00007f996d08c114: ;   {runtime_call Java_java_lang_ClassLoader_defineClass0}
  0x00007f996d08c114: 00e8 56f6 | 9314 c5f8 | 7741 c787 | 3803 0000 | 0500 0000 | f083 4424 | c000 493b | af40 0300 
  0x00007f996d08c134: 000f 8711 | 0000 0041 | 81bf 2803 | 0000 0000 | 0000 0f84 | 2400 0000 | c5f8 7748 | 8945 f849 
  0x00007f996d08c154: 8bff 4c8b | e448 83ec | 0048 83e4 

  0x00007f996d08c160: ;   {runtime_call JavaThread::check_special_condition_for_native_trans(JavaThread*)}
  0x00007f996d08c160: f0e8 aac7 | c215 498b | e44d 33e4 | 488b 45f8 | 41c7 8738 | 0300 0008 | 0000 0041 | 81bf a803 
  0x00007f996d08c180: 0000 0200 | 0000 0f84 | 0801 0000 

  0x00007f996d08c18c: ;   {external_word}
  0x00007f996d08c18c: 803d 92e0 | 0a16 000f | 8438 0000 | 0048 8945 

  0x00007f996d08c19c: ;   {metadata({method} {0x00007f9933011710} 'defineClass0' '(Ljava/lang/ClassLoader;Ljava/lang/Class;Ljava/lang/String;[BIILjava/security/ProtectionDomain;ZILjava/lang/Object;)Ljava/lang/Class;' in 'java/lang/ClassLoader')}
  0x00007f996d08c19c: f848 be10 | 1701 3399 | 7f00 0049 | 8bff f7c4 | 0f00 0000 | 0f84 1200 | 0000 4883 

  0x00007f996d08c1b8: ;   {runtime_call SharedRuntime::dtrace_method_exit(JavaThread*, Method*)}
  0x00007f996d08c1b8: ec08 e891 | b8a6 1548 | 83c4 08e9 | 0500 0000 

  0x00007f996d08c1c8: ;   {runtime_call SharedRuntime::dtrace_method_exit(JavaThread*, Method*)}
  0x00007f996d08c1c8: e883 b8a6 | 1548 8b45 | f849 c787 | 9002 0000 | 0000 0000 | 49c7 8798 | 0200 0000 | 0000 00c5 
  0x00007f996d08c1e8: f877 4885 | c00f 847b | 0000 0048 | f7c0 0100 | 0000 0f84 | 6b00 0000 | 488b 40ff | 4180 7f38 
  0x00007f996d08c208: 000f 8457 | 0000 0048 | 83f8 000f | 844d 0000 | 0049 8b4f | 2048 83f9 | 000f 8414 | 0000 0048 
  0x00007f996d08c228: 83e9 0849 | 894f 2049 | 034f 3048 | 8901 e92b | 0000 0050 | 498b f748 | 8bf8 f7c4 | 0f00 0000 
  0x00007f996d08c248: 0f84 1200 | 0000 4883 

  0x00007f996d08c250: ;   {runtime_call G1BarrierSetRuntime::write_ref_field_pre_entry(oopDesc*, JavaThread*)}
  0x00007f996d08c250: ec08 e819 | 9545 1548 | 83c4 08e9 | 0500 0000 

  0x00007f996d08c260: ;   {runtime_call G1BarrierSetRuntime::write_ref_field_pre_entry(oopDesc*, JavaThread*)}
  0x00007f996d08c260: e80b 9545 | 1558 e903 | 0000 0048 | 8b00 498b | 8fd8 0000 | 00c7 8100 | 0100 0000 | 0000 00c9 
  0x00007f996d08c280: 4981 7f08 | 0000 0000 | 0f85 0100 

  0x00007f996d08c28c: ;   {runtime_call StubRoutines (1)}
  0x00007f996d08c28c: 0000 c3e9 | 6cd9 9bff | c5f8 7748 | 8945 f84c | 8be4 4883 | ec00 4883 

  0x00007f996d08c2a4: ;   {runtime_call SharedRuntime::reguard_yellow_pages()}
  0x00007f996d08c2a4: e4f0 e855 | c6a6 1549 | 8be4 4d33 | e448 8b45 | f8e9 d2fe | ffff f4f4 | f4f4 f4f4 
[/MachCode]


Compiled method (c1) 27543 2640       3       java.lang.System$2::defineClass (21 bytes)
 total in heap  [0x00007f9965a0df90,0x00007f9965a0e370] = 992
 relocation     [0x00007f9965a0e0f0,0x00007f9965a0e130] = 64
 main code      [0x00007f9965a0e140,0x00007f9965a0e280] = 320
 stub code      [0x00007f9965a0e280,0x00007f9965a0e2c0] = 64
 metadata       [0x00007f9965a0e2c0,0x00007f9965a0e2c8] = 8
 scopes data    [0x00007f9965a0e2c8,0x00007f9965a0e308] = 64
 scopes pcs     [0x00007f9965a0e308,0x00007f9965a0e358] = 80
 dependencies   [0x00007f9965a0e358,0x00007f9965a0e360] = 8
 nul chk table  [0x00007f9965a0e360,0x00007f9965a0e370] = 16

[Constant Pool (empty)]

[MachCode]
[Entry Point]
  # {method} {0x00007f993301eae0} 'defineClass' '(Ljava/lang/ClassLoader;Ljava/lang/Class;Ljava/lang/String;[BLjava/security/ProtectionDomain;ZILjava/lang/Object;)Ljava/lang/Class;' in 'java/lang/System$2'
  # this:     rsi:rsi   = 'java/lang/System$2'
  # parm0:    rdx:rdx   = 'java/lang/ClassLoader'
  # parm1:    rcx:rcx   = 'java/lang/Class'
  # parm2:    r8:r8     = 'java/lang/String'
  # parm3:    r9:r9     = '[B'
  # parm4:    rdi:rdi   = 'java/security/ProtectionDomain'
  # parm5:    [sp+0x70]   = boolean  (sp of caller)
  # parm6:    [sp+0x78]   = int
  # parm7:    [sp+0x80]   = 'java/lang/Object'
  0x00007f9965a0e140: 448b 5608 | 49bb 0000 | 0033 997f | 0000 4d03 | d34c 3bd0 

  0x00007f9965a0e154: ;   {runtime_call ic_miss_stub}
  0x00007f9965a0e154: 0f85 26c0 | 0807 660f | 1f44 0000 
[Verified Entry Point]
  0x00007f9965a0e160: 8984 2400 | c0fe ff55 | 4883 ec60 

  0x00007f9965a0e16c: ;   {metadata(method data for {method} {0x00007f993301eae0} 'defineClass' '(Ljava/lang/ClassLoader;Ljava/lang/Class;Ljava/lang/String;[BLjava/security/ProtectionDomain;ZILjava/lang/Object;)Ljava/lang/Class;' in 'java/lang/System$2')}
  0x00007f9965a0e16c: 488b df48 | bfe0 189a | 4c99 7f00 | 008b 87f4 | 0000 0083 | c002 8987 | f400 0000 | 81e0 fe07 
  0x00007f9965a0e18c: 0000 83f8 | 000f 8468 | 0000 004c | 8bac 2480 | 0000 0044 | 8b5c 2478 | 8b44 2470 

  0x00007f9965a0e1a8: ; implicit exception: dispatches to 0x00007f9965a0e220
  0x00007f9965a0e1a8: 418b 790c 

  0x00007f9965a0e1ac: ;   {metadata(method data for {method} {0x00007f993301eae0} 'defineClass' '(Ljava/lang/ClassLoader;Ljava/lang/Class;Ljava/lang/String;[BLjava/security/ProtectionDomain;ZILjava/lang/Object;)Ljava/lang/Class;' in 'java/lang/System$2')}
  0x00007f9965a0e1ac: 48be e018 | 9a4c 997f | 0000 4883 | 8638 0100 | 0001 488b | f248 8bd1 | 498b c84d | 8bc1 41b9 
  0x00007f9965a0e1cc: 0000 0000 | 4889 1c24 | 8944 2408 | 4489 5c24 | 104c 896c | 2418 0f1f 

  0x00007f9965a0e1e4: ;   {static_call}
  0x00007f9965a0e1e4: 4400 00e8 

  0x00007f9965a0e1e8: ; ImmutableOopMap {}
                      ;*invokestatic defineClass0 {reexecute=0 rethrow=0 return_oop=0}
                      ; - java.lang.System$2::defineClass@17 (line 2324)
  0x00007f9965a0e1e8: f4dd 6707 | 4883 c460 

  0x00007f9965a0e1f0: ;   {poll_return}
  0x00007f9965a0e1f0: 5d49 3ba7 | 4003 0000 | 0f87 2700 

  0x00007f9965a0e1fc: ;   {metadata({method} {0x00007f993301eae0} 'defineClass' '(Ljava/lang/ClassLoader;Ljava/lang/Class;Ljava/lang/String;[BLjava/security/ProtectionDomain;ZILjava/lang/Object;)Ljava/lang/Class;' in 'java/lang/System$2')}
  0x00007f9965a0e1fc: 0000 c349 | bae0 ea01 | 3399 7f00 | 004c 8954 | 2408 48c7 | 0424 ffff 

  0x00007f9965a0e214: ;   {runtime_call counter_overflow Runtime1 stub}
  0x00007f9965a0e214: ffff e865 

  0x00007f9965a0e218: ; ImmutableOopMap {rsi=Oop rdx=Oop rcx=Oop r8=Oop r9=Oop rbx=Oop [128]=Oop }
                      ;*synchronization entry
                      ; - java.lang.System$2::defineClass@-1 (line 2324)
  0x00007f9965a0e218: 7413 07e9 | 77ff ffff 

  0x00007f9965a0e220: ;   {runtime_call throw_null_pointer_exception Runtime1 stub}
  0x00007f9965a0e220: e8fb 330a 

  0x00007f9965a0e224: ; ImmutableOopMap {rdx=Oop rcx=Oop r8=Oop r9=Oop rbx=Oop r13=Oop [128]=Oop }
                      ;*arraylength {reexecute=0 rethrow=0 return_oop=0}
                      ; - java.lang.System$2::defineClass@8 (line 2324)
                      ;   {internal_word}
  0x00007f9965a0e224: 0749 baf1 | e1a0 6599 | 7f00 004d | 8997 5803 

  0x00007f9965a0e234: ;   {runtime_call SafepointBlob}
  0x00007f9965a0e234: 0000 e9c5 | 3609 0790 | 9049 8b87 | d003 0000 | 49c7 87d0 | 0300 0000 | 0000 0049 | c787 d803 
  0x00007f9965a0e254: 0000 0000 | 0000 4883 

  0x00007f9965a0e25c: ;   {runtime_call unwind_exception Runtime1 stub}
  0x00007f9965a0e25c: c460 5de9 | 9c42 0a07 | f4f4 f4f4 | f4f4 f4f4 | f4f4 f4f4 | f4f4 f4f4 | f4f4 f4f4 | f4f4 f4f4 
  0x00007f9965a0e27c: f4f4 f4f4 
[Stub Code]
  0x00007f9965a0e280: ;   {no_reloc}
  0x00007f9965a0e280: 0f1f 4400 

  0x00007f9965a0e284: ;   {static_stub}
  0x00007f9965a0e284: 0048 bb00 | 0000 0000 

  0x00007f9965a0e28c: ;   {runtime_call}
  0x00007f9965a0e28c: 0000 00e9 | fbff ffff 
[Exception Handler]
  0x00007f9965a0e294: ;   {runtime_call handle_exception_from_callee Runtime1 stub}
  0x00007f9965a0e294: e867 3713 

  0x00007f9965a0e298: ;   {external_word}
  0x00007f9965a0e298: 0748 bf4a | e6dc 8299 | 7f00 0048 

  0x00007f9965a0e2a4: ;   {runtime_call MacroAssembler::debug64(char*, long, long*)}
  0x00007f9965a0e2a4: 83e4 f0e8 | d4cf f01c 

  0x00007f9965a0e2ac: ;   {section_word}
  0x00007f9965a0e2ac: f449 baad | e2a0 6599 | 7f00 0041 

  0x00007f9965a0e2b8: ;   {runtime_call DeoptimizationBlob}
  0x00007f9965a0e2b8: 52e9 e24a | 0907 f4f4 
[/MachCode]


Compiled method (c1) 27545 2191       3       java.lang.invoke.MethodHandles$Lookup$ClassDefiner::defineClass (97 bytes)
 total in heap  [0x00007f996591f010,0x00007f99659207b0] = 6048
 relocation     [0x00007f996591f170,0x00007f996591f2c0] = 336
 main code      [0x00007f996591f2c0,0x00007f9965920180] = 3776
 stub code      [0x00007f9965920180,0x00007f99659201f0] = 112
 metadata       [0x00007f99659201f0,0x00007f9965920280] = 144
 scopes data    [0x00007f9965920280,0x00007f99659204d8] = 600
 scopes pcs     [0x00007f99659204d8,0x00007f9965920738] = 608
 dependencies   [0x00007f9965920738,0x00007f9965920750] = 24
 nul chk table  [0x00007f9965920750,0x00007f99659207b0] = 96

[Constant Pool (empty)]

[MachCode]
[Entry Point]
  # {method} {0x00007f99331d4fb8} 'defineClass' '(ZLjava/lang/Object;)Ljava/lang/Class;' in 'java/lang/invoke/MethodHandles$Lookup$ClassDefiner'
  # this:     rsi:rsi   = 'java/lang/invoke/MethodHandles$Lookup$ClassDefiner'
  # parm0:    rdx       = boolean
  # parm1:    rcx:rcx   = 'java/lang/Object'
  #           [sp+0x100]  (sp of caller)
  0x00007f996591f2c0: 448b 5608 | 49bb 0000 | 0033 997f | 0000 4d03 | d34c 3bd0 

  0x00007f996591f2d4: ;   {runtime_call ic_miss_stub}
  0x00007f996591f2d4: 0f85 a6ae | 1707 660f | 1f44 0000 
[Verified Entry Point]
  0x00007f996591f2e0: 8984 2400 | c0fe ff55 | 4881 ecf0 | 0000 0048 | 89b4 24b8 | 0000 0089 | 9424 c800 | 0000 4889 
  0x00007f996591f300: 8c24 d000 

  0x00007f996591f304: ;   {metadata(method data for {method} {0x00007f99331d4fb8} 'defineClass' '(ZLjava/lang/Object;)Ljava/lang/Class;' in 'java/lang/invoke/MethodHandles$Lookup$ClassDefiner')}
  0x00007f996591f304: 0000 48bf | b00f 9a4c | 997f 0000 | 8b9f f400 | 0000 83c3 | 0289 9ff4 | 0000 0081 | e3fe 0700 
  0x00007f996591f324: 0083 fb00 | 0f84 040b | 0000 8b7e | 1048 3b07 

  0x00007f996591f334: ;   {metadata(method data for {method} {0x00007f99331d4fb8} 'defineClass' '(ZLjava/lang/Object;)Ljava/lang/Class;' in 'java/lang/invoke/MethodHandles$Lookup$ClassDefiner')}
  0x00007f996591f334: 488b df48 | b8b0 0f9a | 4c99 7f00 | 0048 8380 | 3801 0000 | 018b 7f10 | 4889 bc24 | c000 0000 
  0x00007f996591f354: ; implicit exception: dispatches to 0x00007f996591fe58
  0x00007f996591f354: 483b 0748 

  0x00007f996591f358: ;   {metadata(method data for {method} {0x00007f99331d4fb8} 'defineClass' '(ZLjava/lang/Object;)Ljava/lang/Class;' in 'java/lang/invoke/MethodHandles$Lookup$ClassDefiner')}
  0x00007f996591f358: 8bdf 48b8 | b00f 9a4c | 997f 0000 | 4883 8070 | 0100 0001 

  0x00007f996591f36c: ;   {metadata(method data for {method} {0x00007f9933441bd8} 'getClassLoader' '()Ljava/lang/ClassLoader;' in 'java/lang/Class')}
  0x00007f996591f36c: 48bb 4005 | 064c 997f | 0000 8b83 | f400 0000 | 83c0 0289 | 83f4 0000 | 0081 e0fe | ff1f 0083 
  0x00007f996591f38c: f800 0f84 | c90a 0000 

  0x00007f996591f394: ;   {metadata(method data for {method} {0x00007f9933441bd8} 'getClassLoader' '()Ljava/lang/ClassLoader;' in 'java/lang/Class')}
  0x00007f996591f394: 488b df48 | b840 0506 | 4c99 7f00 | 0048 8380 | 3801 0000 | 018b 5f34 | 4889 9c24 | b000 0000 
  0x00007f996591f3b4: 4883 fb00 

  0x00007f996591f3b8: ;   {metadata(method data for {method} {0x00007f9933441bd8} 'getClassLoader' '()Ljava/lang/ClassLoader;' in 'java/lang/Class')}
  0x00007f996591f3b8: 48b8 4005 | 064c 997f | 0000 49c7 | c070 0100 | 000f 8507 | 0000 0049 | c7c0 8001 | 0000 4e8b 
  0x00007f996591f3d8: 0c00 4d8d | 4901 4e89 | 0c00 0f85 | 0f00 0000 

  0x00007f996591f3e8: ;   {oop(NULL)}
  0x00007f996591f3e8: 48bb 0000 | 0000 0000 | 0000 e96d 

  0x00007f996591f3f4: ;   {metadata(method data for {method} {0x00007f9933441bd8} 'getClassLoader' '()Ljava/lang/ClassLoader;' in 'java/lang/Class')}
  0x00007f996591f3f4: 0600 0048 | b840 0506 | 4c99 7f00 | 0048 8380 | 9001 0000 

  0x00007f996591f408: ;   {metadata(method data for {method} {0x00007f993301fba8} 'getSecurityManager' '()Ljava/lang/SecurityManager;' in 'java/lang/System')}
  0x00007f996591f408: 0148 b828 | e904 4c99 | 7f00 0044 | 8b80 f400 | 0000 4183 | c002 4489 | 80f4 0000 | 0041 81e0 
  0x00007f996591f428: feff 1f00 | 4183 f800 | 0f84 480a 

  0x00007f996591f434: ;   {metadata(method data for {method} {0x00007f993301fba8} 'getSecurityManager' '()Ljava/lang/SecurityManager;' in 'java/lang/System')}
  0x00007f996591f434: 0000 48b8 | 28e9 044c | 997f 0000 | 4883 8038 | 0100 0001 

  0x00007f996591f448: ;   {metadata(method data for {method} {0x00007f993301fcc0} 'allowSecurityManager' '()Z' in 'java/lang/System')}
  0x00007f996591f448: 48b8 c8ea | 044c 997f | 0000 448b | 80f4 0000 | 0041 83c0 | 0244 8980 | f400 0000 | 4181 e0fe 
  0x00007f996591f468: ff1f 0041 | 83f8 000f | 842a 0a00 

  0x00007f996591f474: ;   {metadata(method data for {method} {0x00007f993301fcc0} 'allowSecurityManager' '()Z' in 'java/lang/System')}
  0x00007f996591f474: 0048 b8c8 | ea04 4c99 | 7f00 00ff | 8048 0100 

  0x00007f996591f484: ;   {metadata(method data for {method} {0x00007f993301fcc0} 'allowSecurityManager' '()Z' in 'java/lang/System')}
  0x00007f996591f484: 0048 b8c8 | ea04 4c99 | 7f00 00ff | 8058 0100 

  0x00007f996591f494: ;   {metadata(method data for {method} {0x00007f993301fba8} 'getSecurityManager' '()Ljava/lang/SecurityManager;' in 'java/lang/System')}
  0x00007f996591f494: 0048 b828 | e904 4c99 | 7f00 00ff | 8058 0100 

  0x00007f996591f4a4: ;   {oop(a 'java/lang/Class'{0x00000000ffe00770} = 'java/lang/System')}
  0x00007f996591f4a4: 0048 b870 | 07e0 ff00 | 0000 008b | 407c 4883 

  0x00007f996591f4b4: ;   {metadata(method data for {method} {0x00007f9933441bd8} 'getClassLoader' '()Ljava/lang/ClassLoader;' in 'java/lang/Class')}
  0x00007f996591f4b4: f800 48b8 | 4005 064c | 997f 0000 | 49c7 c0a0 | 0100 000f | 8407 0000 | 0049 c7c0 | b001 0000 
  0x00007f996591f4d4: 4e8b 0c00 | 4d8d 4901 | 4e89 0c00 | 0f84 7e05 

  0x00007f996591f4e4: ;   {metadata(method data for {method} {0x00007f9933441bd8} 'getClassLoader' '()Ljava/lang/ClassLoader;' in 'java/lang/Class')}
  0x00007f996591f4e4: 0000 48b8 | 4005 064c | 997f 0000 | 4883 80c0 | 0100 0001 | 0f1f 8000 

  0x00007f996591f4fc: ;   {static_call}
  0x00007f996591f4fc: 0000 00e8 

  0x00007f996591f500: ; ImmutableOopMap {[208]=Oop [192]=Oop [184]=Oop [176]=Oop }
                      ;*invokestatic getCallerClass {reexecute=0 rethrow=0 return_oop=0}
                      ; - java.lang.Class::getClassLoader@20 (line 903)
                      ; - java.lang.invoke.MethodHandles$Lookup$ClassDefiner::defineClass@9 (line 2436)
  0x00007f996591f500: 7cbb 1707 

  0x00007f996591f504: ;   {metadata(method data for {method} {0x00007f9933441bd8} 'getClassLoader' '()Ljava/lang/ClassLoader;' in 'java/lang/Class')}
  0x00007f996591f504: 48ba 4005 | 064c 997f | 0000 4883 | 82d0 0100 

  0x00007f996591f514: ;   {metadata(method data for {method} {0x00007f9933010a50} 'checkClassLoaderPermission' '(Ljava/lang/ClassLoader;Ljava/lang/Class;)V' in 'java/lang/ClassLoader')}
  0x00007f996591f514: 0001 48ba | 6007 064c | 997f 0000 | 8bb2 f400 | 0000 83c6 | 0289 b2f4 | 0000 0081 | e6fe ff1f 
  0x00007f996591f534: 0083 fe00 | 0f84 8209 

  0x00007f996591f53c: ;   {metadata(method data for {method} {0x00007f9933010a50} 'checkClassLoaderPermission' '(Ljava/lang/ClassLoader;Ljava/lang/Class;)V' in 'java/lang/ClassLoader')}
  0x00007f996591f53c: 0000 48ba | 6007 064c | 997f 0000 | 4883 8238 | 0100 0001 

  0x00007f996591f550: ;   {metadata(method data for {method} {0x00007f993301fba8} 'getSecurityManager' '()Ljava/lang/SecurityManager;' in 'java/lang/System')}
  0x00007f996591f550: 48ba 28e9 | 044c 997f | 0000 8bb2 | f400 0000 | 83c6 0289 | b2f4 0000 | 0081 e6fe | ff1f 0083 
  0x00007f996591f570: fe00 0f84 | 6909 0000 

  0x00007f996591f578: ;   {metadata(method data for {method} {0x00007f993301fba8} 'getSecurityManager' '()Ljava/lang/SecurityManager;' in 'java/lang/System')}
  0x00007f996591f578: 48ba 28e9 | 044c 997f | 0000 4883 | 8238 0100 

  0x00007f996591f588: ;   {metadata(method data for {method} {0x00007f993301fcc0} 'allowSecurityManager' '()Z' in 'java/lang/System')}
  0x00007f996591f588: 0001 48ba | c8ea 044c | 997f 0000 | 8bb2 f400 | 0000 83c6 | 0289 b2f4 | 0000 0081 | e6fe ff1f 
  0x00007f996591f5a8: 0083 fe00 | 0f84 5009 

  0x00007f996591f5b0: ;   {metadata(method data for {method} {0x00007f993301fcc0} 'allowSecurityManager' '()Z' in 'java/lang/System')}
  0x00007f996591f5b0: 0000 48ba | c8ea 044c | 997f 0000 | ff82 4801 

  0x00007f996591f5c0: ;   {metadata(method data for {method} {0x00007f993301fcc0} 'allowSecurityManager' '()Z' in 'java/lang/System')}
  0x00007f996591f5c0: 0000 48ba | c8ea 044c | 997f 0000 | ff82 5801 

  0x00007f996591f5d0: ;   {metadata(method data for {method} {0x00007f993301fba8} 'getSecurityManager' '()Ljava/lang/SecurityManager;' in 'java/lang/System')}
  0x00007f996591f5d0: 0000 48ba | 28e9 044c | 997f 0000 | ff82 5801 

  0x00007f996591f5e0: ;   {oop(a 'java/lang/Class'{0x00000000ffe00770} = 'java/lang/System')}
  0x00007f996591f5e0: 0000 48ba | 7007 e0ff | 0000 0000 | 8b72 7c48 

  0x00007f996591f5f0: ;   {metadata(method data for {method} {0x00007f9933010a50} 'checkClassLoaderPermission' '(Ljava/lang/ClassLoader;Ljava/lang/Class;)V' in 'java/lang/ClassLoader')}
  0x00007f996591f5f0: 83fe 0048 | ba60 0706 | 4c99 7f00 | 0048 c7c7 | 4801 0000 | 0f84 0700 | 0000 48c7 | c758 0100 
  0x00007f996591f610: 0048 8b1c | 3a48 8d5b | 0148 891c | 3a0f 8439 

  0x00007f996591f620: ;   {metadata(method data for {method} {0x00007f9933010a50} 'checkClassLoaderPermission' '(Ljava/lang/ClassLoader;Ljava/lang/Class;)V' in 'java/lang/ClassLoader')}
  0x00007f996591f620: 0400 0048 | ba60 0706 | 4c99 7f00 | 0048 8382 | 6801 0000 

  0x00007f996591f634: ;   {metadata(method data for {method} {0x00007f99330109f8} 'getClassLoader' '(Ljava/lang/Class;)Ljava/lang/ClassLoader;' in 'java/lang/ClassLoader')}
  0x00007f996591f634: 0148 ba88 | 0906 4c99 | 7f00 008b | baf4 0000 | 0083 c702 | 89ba f400 | 0000 81e7 | feff 1f00 
  0x00007f996591f654: 83ff 000f | 84c6 0800 | 0048 83f8 

  0x00007f996591f660: ;   {metadata(method data for {method} {0x00007f99330109f8} 'getClassLoader' '(Ljava/lang/Class;)Ljava/lang/ClassLoader;' in 'java/lang/ClassLoader')}
  0x00007f996591f660: 0048 ba88 | 0906 4c99 | 7f00 0048 | c7c7 3801 | 0000 0f85 | 0700 0000 | 48c7 c748 | 0100 0048 
  0x00007f996591f680: 8b1c 3a48 | 8d5b 0148 | 891c 3a0f | 850f 0000 

  0x00007f996591f690: ;   {oop(NULL)}
  0x00007f996591f690: 0048 ba00 | 0000 0000 | 0000 00e9 | 1b00 0000 

  0x00007f996591f6a0: ; implicit exception: dispatches to 0x00007f996591ff44
  0x00007f996591f6a0: 483b 0048 

  0x00007f996591f6a4: ;   {metadata(method data for {method} {0x00007f99330109f8} 'getClassLoader' '(Ljava/lang/Class;)Ljava/lang/ClassLoader;' in 'java/lang/ClassLoader')}
  0x00007f996591f6a4: 8bd0 48bf | 8809 064c | 997f 0000 | 4883 8758 | 0100 0001 | 8b50 3448 | 8b9c 24b0 

  0x00007f996591f6c0: ;   {metadata(method data for {method} {0x00007f9933010a50} 'checkClassLoaderPermission' '(Ljava/lang/ClassLoader;Ljava/lang/Class;)V' in 'java/lang/ClassLoader')}
  0x00007f996591f6c0: 0000 0048 | bf60 0706 | 4c99 7f00 | 0048 8387 | 7801 0000 

  0x00007f996591f6d4: ;   {metadata(method data for {method} {0x00007f9933011440} 'needsClassLoaderPermissionCheck' '(Ljava/lang/ClassLoader;Ljava/lang/ClassLoader;)Z' in 'java/lang/ClassLoader')}
  0x00007f996591f6d4: 0148 bf58 | 0b06 4c99 | 7f00 008b | 87f4 0000 | 0083 c002 | 8987 f400 | 0000 81e0 | feff 1f00 
  0x00007f996591f6f4: 83f8 000f | 844c 0800 | 0048 3bd3 

  0x00007f996591f700: ;   {metadata(method data for {method} {0x00007f9933011440} 'needsClassLoaderPermissionCheck' '(Ljava/lang/ClassLoader;Ljava/lang/ClassLoader;)Z' in 'java/lang/ClassLoader')}
  0x00007f996591f700: 48bf 580b | 064c 997f | 0000 48c7 | c038 0100 | 000f 8507 | 0000 0048 | c7c0 4801 | 0000 488b 
  0x00007f996591f720: 0c07 488d | 4901 4889 | 0c07 0f85 | 0a00 0000 | ba00 0000 | 00e9 3a02 | 0000 4883 

  0x00007f996591f73c: ;   {metadata(method data for {method} {0x00007f9933011440} 'needsClassLoaderPermissionCheck' '(Ljava/lang/ClassLoader;Ljava/lang/ClassLoader;)Z' in 'java/lang/ClassLoader')}
  0x00007f996591f73c: fa00 48bf | 580b 064c | 997f 0000 | 48c7 c058 | 0100 000f | 8507 0000 | 0048 c7c0 | 6801 0000 
  0x00007f996591f75c: 488b 0c07 | 488d 4901 | 4889 0c07 | 0f85 0a00 | 0000 ba00 | 0000 00e9 | fc01 0000 

  0x00007f996591f778: ; implicit exception: dispatches to 0x00007f996591ff6a
  0x00007f996591f778: 483b 0348 

  0x00007f996591f77c: ;   {metadata(method data for {method} {0x00007f9933011440} 'needsClassLoaderPermissionCheck' '(Ljava/lang/ClassLoader;Ljava/lang/ClassLoader;)Z' in 'java/lang/ClassLoader')}
  0x00007f996591f77c: 8bfb 48b8 | 580b 064c | 997f 0000 | 8b7f 0849 | ba00 0000 | 3399 7f00 | 0049 03fa | 483b b888 
  0x00007f996591f79c: 0100 0075 | 0d48 8380 | 9001 0000 | 01e9 6600 | 0000 483b | b898 0100 | 0075 0d48 | 8380 a001 
  0x00007f996591f7bc: 0000 01e9 | 5000 0000 | 4881 b888 | 0100 0000 | 0000 0075 | 1748 89b8 | 8801 0000 | 48c7 8090 
  0x00007f996591f7dc: 0100 0001 | 0000 00e9 | 2c00 0000 | 4881 b898 | 0100 0000 | 0000 0075 | 1748 89b8 | 9801 0000 
  0x00007f996591f7fc: 48c7 80a0 | 0100 0001 | 0000 00e9 | 0800 0000 | 4883 8078 | 0100 0001 

  0x00007f996591f814: ;   {metadata(method data for {method} {0x00007f993300a6b8} 'isAncestor' '(Ljava/lang/ClassLoader;)Z' in 'java/lang/ClassLoader')}
  0x00007f996591f814: 48bf 880d | 064c 997f | 0000 8b87 | f400 0000 | 83c0 0289 | 87f4 0000 | 0081 e0fe | ff1f 0083 
  0x00007f996591f834: f800 0f84 | 3307 0000 | 488b fbe9 | 9100 0000 | 0f1f 4000 | 4883 ff00 | b802 0000 | 000f 8505 
  0x00007f996591f854: 0000 00b8 | 0000 0000 

  0x00007f996591f85c: ;   {metadata(method data for {method} {0x00007f993300a6b8} 'isAncestor' '(Ljava/lang/ClassLoader;)Z' in 'java/lang/ClassLoader')}
  0x00007f996591f85c: 48b9 880d | 064c 997f | 0000 448b | 81f8 0000 | 0044 03c0 | 4489 81f8 | 0000 0083 | f800 0f85 
  0x00007f996591f87c: 0600 0000 | 41b8 0200 | 0000 4181 | e0fe 3f00 | 0041 83f8 | 000f 84f9 | 0600 004d | 8b97 4803 
  0x00007f996591f89c: ; ImmutableOopMap {[208]=Oop [192]=Oop [184]=Oop rsi=Oop rbx=Oop [176]=Oop rdx=Oop rdi=Oop }
                      ;*ifnonnull {reexecute=1 rethrow=0 return_oop=0}
                      ; - (reexecute) java.lang.ClassLoader::isAncestor@15 (line 2017)
                      ; - java.lang.ClassLoader::needsClassLoaderPermissionCheck@15 (line 2035)
                      ; - java.lang.ClassLoader::checkClassLoaderPermission@15 (line 2059)
                      ; - java.lang.Class::getClassLoader@23 (line 903)
                      ; - java.lang.invoke.MethodHandles$Lookup$ClassDefiner::defineClass@9 (line 2436)
                      ;   {poll}
  0x00007f996591f89c: 0000 4185 | 0248 83ff 

  0x00007f996591f8a4: ;   {metadata(method data for {method} {0x00007f993300a6b8} 'isAncestor' '(Ljava/lang/ClassLoader;)Z' in 'java/lang/ClassLoader')}
  0x00007f996591f8a4: 0048 b888 | 0d06 4c99 | 7f00 0048 | c7c1 6801 | 0000 0f84 | 0700 0000 | 48c7 c158 | 0100 004c 
  0x00007f996591f8c4: 8b04 084d | 8d40 014c | 8904 080f | 843b 0000 | 008b 7f18 

  0x00007f996591f8d8: ;   {metadata(method data for {method} {0x00007f993300a6b8} 'isAncestor' '(Ljava/lang/ClassLoader;)Z' in 'java/lang/ClassLoader')}
  0x00007f996591f8d8: 483b d748 | b888 0d06 | 4c99 7f00 | 0048 c7c1 | 3801 0000 | 0f85 0700 | 0000 48c7 | c148 0100 
  0x00007f996591f8f8: 004c 8b04 | 084d 8d40 | 014c 8904 | 080f 853d | ffff ffe9 | 0a00 0000 | ba00 0000 | 00e9 0500 
  0x00007f996591f918: 0000 ba01 | 0000 0083 

  0x00007f996591f920: ;   {metadata(method data for {method} {0x00007f9933011440} 'needsClassLoaderPermissionCheck' '(Ljava/lang/ClassLoader;Ljava/lang/ClassLoader;)Z' in 'java/lang/ClassLoader')}
  0x00007f996591f920: fa00 48ba | 580b 064c | 997f 0000 | 48c7 c7b0 | 0100 000f | 8507 0000 | 0048 c7c7 | c001 0000 
  0x00007f996591f940: 488b 043a | 488d 4001 | 4889 043a | 0f85 1a00 

  0x00007f996591f950: ;   {metadata(method data for {method} {0x00007f9933011440} 'needsClassLoaderPermissionCheck' '(Ljava/lang/ClassLoader;Ljava/lang/ClassLoader;)Z' in 'java/lang/ClassLoader')}
  0x00007f996591f950: 0000 48ba | 580b 064c | 997f 0000 | ff82 d001 | 0000 ba01 | 0000 00e9 | 0500 0000 | ba00 0000 
  0x00007f996591f970: 0083 e201 

  0x00007f996591f974: ;   {metadata(method data for {method} {0x00007f9933010a50} 'checkClassLoaderPermission' '(Ljava/lang/ClassLoader;Ljava/lang/Class;)V' in 'java/lang/ClassLoader')}
  0x00007f996591f974: 83fa 0048 | ba60 0706 | 4c99 7f00 | 0048 c7c7 | 8801 0000 | 0f84 0700 | 0000 48c7 | c798 0100 
  0x00007f996591f994: 0048 8b04 | 3a48 8d40 | 0148 8904 | 3a0f 84b5 | 0000 0048 | 3b06 488b 

  0x00007f996591f9ac: ;   {metadata(method data for {method} {0x00007f9933010a50} 'checkClassLoaderPermission' '(Ljava/lang/ClassLoader;Ljava/lang/Class;)V' in 'java/lang/ClassLoader')}
  0x00007f996591f9ac: d648 bf60 | 0706 4c99 | 7f00 008b | 5208 49ba | 0000 0033 | 997f 0000 | 4903 d248 | 3b97 b801 
  0x00007f996591f9cc: 0000 750d | 4883 87c0 | 0100 0001 | e966 0000 | 0048 3b97 | c801 0000 | 750d 4883 | 87d0 0100 
  0x00007f996591f9ec: 0001 e950 | 0000 0048 | 81bf b801 | 0000 0000 | 0000 7517 | 4889 97b8 | 0100 0048 | c787 c001 
  0x00007f996591fa0c: 0000 0100 | 0000 e92c | 0000 0048 | 81bf c801 | 0000 0000 | 0000 7517 | 4889 97c8 | 0100 0048 
  0x00007f996591fa2c: c787 d001 | 0000 0100 | 0000 e908 | 0000 0048 | 8387 a801 

  0x00007f996591fa40: ;   {oop(a 'java/lang/RuntimePermission'{0x00000000e12c17a8})}
  0x00007f996591fa40: 0000 0148 | baa8 172c | e100 0000 | 0048 b8ff | ffff ffff 

  0x00007f996591fa54: ;   {virtual_call}
  0x00007f996591fa54: ffff ffe8 

  0x00007f996591fa58: ; ImmutableOopMap {[208]=Oop [192]=Oop [184]=Oop [176]=Oop }
                      ;*invokevirtual checkPermission {reexecute=0 rethrow=0 return_oop=0}
                      ; - java.lang.ClassLoader::checkClassLoaderPermission@25 (line 2060)
                      ; - java.lang.Class::getClassLoader@23 (line 903)
                      ; - java.lang.invoke.MethodHandles$Lookup$ClassDefiner::defineClass@9 (line 2436)
  0x00007f996591fa58: 24b1 1707 | 488b 9c24 | b000 0000 | 4883 fb00 

  0x00007f996591fa68: ;   {metadata(method data for {method} {0x00007f99331d4fb8} 'defineClass' '(ZLjava/lang/Object;)Ljava/lang/Class;' in 'java/lang/invoke/MethodHandles$Lookup$ClassDefiner')}
  0x00007f996591fa68: 48be b00f | 9a4c 997f | 0000 48c7 | c7a8 0100 | 000f 8407 | 0000 0048 | c7c7 b801 | 0000 488b 
  0x00007f996591fa88: 043e 488d | 4001 4889 | 043e 0f84 | 6502 0000 | 488b b424 | b800 0000 | 8b7e 1048 | 3b07 488b 
  0x00007f996591faa8: ;   {metadata(method data for {method} {0x00007f99331d4fb8} 'defineClass' '(ZLjava/lang/Object;)Ljava/lang/Class;' in 'java/lang/invoke/MethodHandles$Lookup$ClassDefiner')}
  0x00007f996591faa8: c748 bab0 | 0f9a 4c99 | 7f00 0048 | 8382 c801 

  0x00007f996591fab8: ;   {metadata(method data for {method} {0x00007f9933383b58} 'lookupClassProtectionDomain' '()Ljava/security/ProtectionDomain;' in 'java/lang/invoke/MethodHandles$Lookup')}
  0x00007f996591fab8: 0000 0148 | b878 139a | 4c99 7f00 | 008b 90f4 | 0000 0083 | c202 8990 | f400 0000 | 81e2 feff 
  0x00007f996591fad8: 1f00 83fa | 000f 84dd | 0400 008b | 4718 4883 

  0x00007f996591fae8: ;   {metadata(method data for {method} {0x00007f9933383b58} 'lookupClassProtectionDomain' '()Ljava/security/ProtectionDomain;' in 'java/lang/invoke/MethodHandles$Lookup')}
  0x00007f996591fae8: f800 48ba | 7813 9a4c | 997f 0000 | 48c7 c138 | 0100 000f | 8507 0000 | 0048 c7c1 | 4801 0000 
  0x00007f996591fb08: 4c8b 040a | 4d8d 4001 | 4c89 040a | 4889 9c24 | e000 0000 | 0f85 c601 

  0x00007f996591fb20: ;   {metadata(method data for {method} {0x00007f9933383b58} 'lookupClassProtectionDomain' '()Ljava/security/ProtectionDomain;' in 'java/lang/invoke/MethodHandles$Lookup')}
  0x00007f996591fb20: 0000 48b8 | 7813 9a4c | 997f 0000 | 4883 8058 | 0100 0001 

  0x00007f996591fb34: ;   {metadata(method data for {method} {0x00007f9933411c40} 'getJavaLangAccess' '()Ljdk/internal/access/JavaLangAccess;' in 'jdk/internal/access/SharedSecrets')}
  0x00007f996591fb34: 48b8 f040 | 194c 997f | 0000 8b90 | f400 0000 | 83c2 0289 | 90f4 0000 | 0081 e2fe | ff1f 0083 
  0x00007f996591fb54: fa00 0f84 | 8504 0000 

  0x00007f996591fb5c: ;   {oop(a 'java/lang/Class'{0x00000000ffe0b3d8} = 'jdk/internal/access/SharedSecrets')}
  0x00007f996591fb5c: 48b8 d8b3 | e0ff 0000 | 0000 8b80 | 8000 0000 | 8b57 1048 | 83f8 000f | 842a 0000 

  0x00007f996591fb78: ;   {metadata('java/lang/System$2')}
  0x00007f996591fb78: 0049 bbe0 | da01 3399 | 7f00 0044 | 8b48 0849 | ba00 0000 | 3399 7f00 | 004d 03ca | 4d3b 5938 
  0x00007f996591fb98: 0f85 6404 | 0000 e900 | 0000 0048 | 8bc8 483b 

  0x00007f996591fba8: ;   {metadata(method data for {method} {0x00007f9933383b58} 'lookupClassProtectionDomain' '()Ljava/security/ProtectionDomain;' in 'java/lang/invoke/MethodHandles$Lookup')}
  0x00007f996591fba8: 0048 b978 | 139a 4c99 

  0x00007f996591fbb0: ;   {metadata('java/lang/System$2')}
  0x00007f996591fbb0: 7f00 0049 | bae0 da01 | 3399 7f00 | 004c 8991 | 7801 0000 | 4883 8180 | 0100 0001 

  0x00007f996591fbcc: ;   {metadata(method data for {method} {0x00007f993301e820} 'protectionDomain' '(Ljava/lang/Class;)Ljava/security/ProtectionDomain;' in 'java/lang/System$2')}
  0x00007f996591fbcc: 48b8 5815 | 9a4c 997f | 0000 8b88 | f400 0000 | 83c1 0289 | 88f4 0000 | 0081 e1fe | ff1f 0083 
  0x00007f996591fbec: f900 0f84 | 1804 0000 

  0x00007f996591fbf4: ; implicit exception: dispatches to 0x00007f996592002d
  0x00007f996591fbf4: 483b 0248 

  0x00007f996591fbf8: ;   {metadata(method data for {method} {0x00007f993301e820} 'protectionDomain' '(Ljava/lang/Class;)Ljava/security/ProtectionDomain;' in 'java/lang/System$2')}
  0x00007f996591fbf8: 8bc2 48b9 | 5815 9a4c | 997f 0000 | 4883 8138 | 0100 0001 

  0x00007f996591fc0c: ;   {metadata(method data for {method} {0x00007f9933440b40} 'protectionDomain' '()Ljava/security/ProtectionDomain;' in 'java/lang/Class')}
  0x00007f996591fc0c: 48b8 1017 | 9a4c 997f | 0000 8b88 | f400 0000 | 83c1 0289 | 88f4 0000 | 0081 e1fe | ff1f 0083 
  0x00007f996591fc2c: f900 0f84 | fe03 0000 

  0x00007f996591fc34: ;   {metadata(method data for {method} {0x00007f9933440b40} 'protectionDomain' '()Ljava/security/ProtectionDomain;' in 'java/lang/Class')}
  0x00007f996591fc34: 488b c248 | b910 179a | 4c99 7f00 | 0048 8381 | 3801 0000 | 0148 8bf2 | 4889 bc24 | d800 0000 
  0x00007f996591fc54: ;   {optimized virtual_call}
  0x00007f996591fc54: 6666 90e8 

  0x00007f996591fc58: ; ImmutableOopMap {[208]=Oop [192]=Oop [184]=Oop [224]=Oop [216]=Oop }
                      ;*invokevirtual getProtectionDomain0 {reexecute=0 rethrow=0 return_oop=0}
                      ; - java.lang.Class::protectionDomain@1 (line 3012)
                      ; - java.lang.System$2::protectionDomain@1 (line 2439)
                      ; - java.lang.invoke.MethodHandles$Lookup::lookupClassProtectionDomain@17 (line 2457)
                      ; - java.lang.invoke.MethodHandles$Lookup$ClassDefiner::defineClass@23 (line 2437)
  0x00007f996591fc58: 84e9 7807 | 4883 f800 

  0x00007f996591fc60: ;   {metadata(method data for {method} {0x00007f9933440b40} 'protectionDomain' '()Ljava/security/ProtectionDomain;' in 'java/lang/Class')}
  0x00007f996591fc60: 48ba 1017 | 9a4c 997f | 0000 48c7 | c170 0100 | 000f 8507 | 0000 0048 | c7c1 8001 | 0000 4c8b 
  0x00007f996591fc80: 040a 4d8d | 4001 4c89 | 040a 0f85 | 1b00 0000 

  0x00007f996591fc90: ;   {no_reloc}
  0x00007f996591fc90: e922 0400 | 0000 0000 | 0000 660f | 1f44 0000 

  0x00007f996591fca0: ; implicit exception: dispatches to 0x00007f99659200c1
  0x00007f996591fca0: e92c 0400 | 0090 e903 | 0000 0048 | 8bd0 488b | bc24 d800 | 0000 410f | be4f 3883 | f900 0f85 
  0x00007f996591fcc0: 1704 0000 | 4c8b d244 | 8957 18f0 | 8344 24c0 | 0048 8bcf | 4833 ca48 | c1e9 1448 | 83f9 000f 
  0x00007f996591fce0: 8511 0400 | 0048 8bc2 

  0x00007f996591fce8: ;   {metadata(method data for {method} {0x00007f99331d4fb8} 'defineClass' '(ZLjava/lang/Object;)Ljava/lang/Class;' in 'java/lang/invoke/MethodHandles$Lookup$ClassDefiner')}
  0x00007f996591fce8: 48ba b00f | 9a4c 997f | 0000 ff82 | 0002 0000 | e912 0000 | 0048 899c | 24e0 0000 

  0x00007f996591fd04: ;   {oop(NULL)}
  0x00007f996591fd04: 0048 b800 | 0000 0000 | 0000 0048 | 8b9c 24e0 | 0000 0048 | 8bbc 24c0 | 0000 0048 | 8bb4 24b8 
  0x00007f996591fd24: ;   {metadata(method data for {method} {0x00007f99331d4fb8} 'defineClass' '(ZLjava/lang/Object;)Ljava/lang/Class;' in 'java/lang/invoke/MethodHandles$Lookup$ClassDefiner')}
  0x00007f996591fd24: 0000 0048 | bab0 0f9a | 4c99 7f00 | 0048 8382 | 1802 0000 

  0x00007f996591fd38: ;   {metadata(method data for {method} {0x00007f9933411c40} 'getJavaLangAccess' '()Ljdk/internal/access/JavaLangAccess;' in 'jdk/internal/access/SharedSecrets')}
  0x00007f996591fd38: 0148 baf0 | 4019 4c99 | 7f00 008b | 8af4 0000 | 0083 c102 | 898a f400 | 0000 81e1 | feff 1f00 
  0x00007f996591fd58: 83f9 000f | 84ad 0300 

  0x00007f996591fd60: ;   {oop(a 'java/lang/Class'{0x00000000ffe0b3d8} = 'jdk/internal/access/SharedSecrets')}
  0x00007f996591fd60: 0048 bad8 | b3e0 ff00 | 0000 0044 | 8bb2 8000 | 0000 448b | 4614 448b | 4e18 8b4e | 0c49 83fe 
  0x00007f996591fd80: 000f 842a 

  0x00007f996591fd84: ;   {metadata('java/lang/System$2')}
  0x00007f996591fd84: 0000 0049 | bbe0 da01 | 3399 7f00 | 0045 8b6e | 0849 ba00 | 0000 3399 | 7f00 004d | 03ea 4d3b 
  0x00007f996591fda4: 5d38 0f85 | 8303 0000 | e900 0000 | 0049 8bd6 

  0x00007f996591fdb4: ; implicit exception: dispatches to 0x00007f9965920134
  0x00007f996591fdb4: 493b 0649 

  0x00007f996591fdb8: ;   {metadata(method data for {method} {0x00007f99331d4fb8} 'defineClass' '(ZLjava/lang/Object;)Ljava/lang/Class;' in 'java/lang/invoke/MethodHandles$Lookup$ClassDefiner')}
  0x00007f996591fdb8: 8bd6 48be | b00f 9a4c | 997f 0000 

  0x00007f996591fdc4: ;   {metadata('java/lang/System$2')}
  0x00007f996591fdc4: 49ba e0da | 0133 997f | 0000 4c89 | 9638 0200 | 0048 8386 | 4002 0000 | 0148 8bd3 | 488b f148 
  0x00007f996591fde4: 8bcf 488b | f88b 8424 | c800 0000 | 8904 2489 | 7424 0848 | 8bb4 24d0 | 0000 0048 | 8974 2410 
  0x00007f996591fe04: ;   {optimized virtual_call}
  0x00007f996591fe04: 498b f6e8 

  0x00007f996591fe08: ; ImmutableOopMap {[184]=Oop [192]=Oop }
                      ;*invokeinterface defineClass {reexecute=0 rethrow=0 return_oop=0}
                      ; - java.lang.invoke.MethodHandles$Lookup$ClassDefiner::defineClass@54 (line 2439)
  0x00007f996591fe08: 54e3 0e00 

  0x00007f996591fe0c: ;   {metadata(method data for {method} {0x00007f99331d4fb8} 'defineClass' '(ZLjava/lang/Object;)Ljava/lang/Class;' in 'java/lang/invoke/MethodHandles$Lookup$ClassDefiner')}
  0x00007f996591fe0c: 48be b00f | 9a4c 997f | 0000 ff86 | 6002 0000 | 4881 c4f0 | 0000 005d 

  0x00007f996591fe24: ;   {poll_return}
  0x00007f996591fe24: 493b a740 | 0300 000f | 8708 0300 

  0x00007f996591fe30: ;   {metadata({method} {0x00007f99331d4fb8} 'defineClass' '(ZLjava/lang/Object;)Ljava/lang/Class;' in 'java/lang/invoke/MethodHandles$Lookup$ClassDefiner')}
  0x00007f996591fe30: 00c3 49ba | b84f 1d33 | 997f 0000 | 4c89 5424 | 0848 c704 | 24ff ffff 

  0x00007f996591fe48: ;   {runtime_call counter_overflow Runtime1 stub}
  0x00007f996591fe48: ffe8 3258 

  0x00007f996591fe4c: ; ImmutableOopMap {rsi=Oop [184]=Oop rcx=Oop [208]=Oop }
                      ;*synchronization entry
                      ; - java.lang.invoke.MethodHandles$Lookup$ClassDefiner::defineClass@-1 (line 2435)
  0x00007f996591fe4c: 2207 e9db 

  0x00007f996591fe50: ;   {runtime_call throw_null_pointer_exception Runtime1 stub}
  0x00007f996591fe50: f4ff ffe8 

  0x00007f996591fe54: ; ImmutableOopMap {rsi=Oop [184]=Oop rcx=Oop [208]=Oop rdi=Oop }
                      ;*invokevirtual lookupClass {reexecute=0 rethrow=0 return_oop=0}
                      ; - java.lang.invoke.MethodHandles$Lookup$ClassDefiner::defineClass@4 (line 2435)
  0x00007f996591fe54: c817 1907 

  0x00007f996591fe58: ;   {runtime_call throw_null_pointer_exception Runtime1 stub}
  0x00007f996591fe58: e8c3 1719 

  0x00007f996591fe5c: ; ImmutableOopMap {rsi=Oop [184]=Oop rcx=Oop [208]=Oop rdi=Oop [192]=Oop }
                      ;*invokevirtual getClassLoader {reexecute=0 rethrow=0 return_oop=0}
                      ; - java.lang.invoke.MethodHandles$Lookup$ClassDefiner::defineClass@9 (line 2436)
                      ;   {metadata({method} {0x00007f9933441bd8} 'getClassLoader' '()Ljava/lang/ClassLoader;' in 'java/lang/Class')}
  0x00007f996591fe5c: 0749 bad8 | 1b44 3399 | 7f00 004c | 8954 2408 | 48c7 0424 | ffff ffff 

  0x00007f996591fe74: ;   {runtime_call counter_overflow Runtime1 stub}
  0x00007f996591fe74: e807 5822 

  0x00007f996591fe78: ; ImmutableOopMap {rsi=Oop [184]=Oop rcx=Oop [208]=Oop rdi=Oop [192]=Oop }
                      ;*synchronization entry
                      ; - java.lang.Class::getClassLoader@-1 (line 897)
                      ; - java.lang.invoke.MethodHandles$Lookup$ClassDefiner::defineClass@9 (line 2436)
  0x00007f996591fe78: 07e9 16f5 

  0x00007f996591fe7c: ;   {metadata({method} {0x00007f993301fba8} 'getSecurityManager' '()Ljava/lang/SecurityManager;' in 'java/lang/System')}
  0x00007f996591fe7c: ffff 49ba | a8fb 0133 | 997f 0000 | 4c89 5424 | 0848 c704 | 24ff ffff 

  0x00007f996591fe94: ;   {runtime_call counter_overflow Runtime1 stub}
  0x00007f996591fe94: ffe8 e657 

  0x00007f996591fe98: ; ImmutableOopMap {rsi=Oop [184]=Oop rcx=Oop [208]=Oop rdi=Oop [192]=Oop rbx=Oop [176]=Oop }
                      ;*synchronization entry
                      ; - java.lang.System::getSecurityManager@-1 (line 484)
                      ; - java.lang.Class::getClassLoader@11 (line 901)
                      ; - java.lang.invoke.MethodHandles$Lookup$ClassDefiner::defineClass@9 (line 2436)
  0x00007f996591fe98: 2207 e997 

  0x00007f996591fe9c: ;   {metadata({method} {0x00007f993301fcc0} 'allowSecurityManager' '()Z' in 'java/lang/System')}
  0x00007f996591fe9c: f5ff ff49 | bac0 fc01 | 3399 7f00 | 004c 8954 | 2408 48c7 | 0424 ffff 

  0x00007f996591feb4: ;   {runtime_call counter_overflow Runtime1 stub}
  0x00007f996591feb4: ffff e8c5 

  0x00007f996591feb8: ; ImmutableOopMap {rsi=Oop [184]=Oop rcx=Oop [208]=Oop rdi=Oop [192]=Oop rbx=Oop [176]=Oop }
                      ;*synchronization entry
                      ; - java.lang.System::allowSecurityManager@-1 (line 194)
                      ; - java.lang.System::getSecurityManager@0 (line 484)
                      ; - java.lang.Class::getClassLoader@11 (line 901)
                      ; - java.lang.invoke.MethodHandles$Lookup$ClassDefiner::defineClass@9 (line 2436)
  0x00007f996591feb8: 5722 07e9 | b5f5 ffff 

  0x00007f996591fec0: ;   {metadata({method} {0x00007f9933010a50} 'checkClassLoaderPermission' '(Ljava/lang/ClassLoader;Ljava/lang/Class;)V' in 'java/lang/ClassLoader')}
  0x00007f996591fec0: 49ba 500a | 0133 997f | 0000 4c89 | 5424 0848 | c704 24ff 

  0x00007f996591fed4: ;   {runtime_call counter_overflow Runtime1 stub}
  0x00007f996591fed4: ffff ffe8 

  0x00007f996591fed8: ; ImmutableOopMap {[208]=Oop [192]=Oop [184]=Oop [176]=Oop rax=Oop }
                      ;*synchronization entry
                      ; - java.lang.ClassLoader::checkClassLoaderPermission@-1 (line 2055)
                      ; - java.lang.Class::getClassLoader@23 (line 903)
                      ; - java.lang.invoke.MethodHandles$Lookup$ClassDefiner::defineClass@9 (line 2436)
  0x00007f996591fed8: a457 2207 | e95d f6ff 

  0x00007f996591fee0: ;   {metadata({method} {0x00007f993301fba8} 'getSecurityManager' '()Ljava/lang/SecurityManager;' in 'java/lang/System')}
  0x00007f996591fee0: ff49 baa8 | fb01 3399 | 7f00 004c | 8954 2408 | 48c7 0424 | ffff ffff 

  0x00007f996591fef8: ;   {runtime_call counter_overflow Runtime1 stub}
  0x00007f996591fef8: e883 5722 

  0x00007f996591fefc: ; ImmutableOopMap {[208]=Oop [192]=Oop [184]=Oop [176]=Oop rax=Oop }
                      ;*synchronization entry
                      ; - java.lang.System::getSecurityManager@-1 (line 484)
                      ; - java.lang.ClassLoader::checkClassLoaderPermission@0 (line 2055)
                      ; - java.lang.Class::getClassLoader@23 (line 903)
                      ; - java.lang.invoke.MethodHandles$Lookup$ClassDefiner::defineClass@9 (line 2436)
  0x00007f996591fefc: 07e9 76f6 

  0x00007f996591ff00: ;   {metadata({method} {0x00007f993301fcc0} 'allowSecurityManager' '()Z' in 'java/lang/System')}
  0x00007f996591ff00: ffff 49ba | c0fc 0133 | 997f 0000 | 4c89 5424 | 0848 c704 | 24ff ffff 

  0x00007f996591ff18: ;   {runtime_call counter_overflow Runtime1 stub}
  0x00007f996591ff18: ffe8 6257 

  0x00007f996591ff1c: ; ImmutableOopMap {[208]=Oop [192]=Oop [184]=Oop [176]=Oop rax=Oop }
                      ;*synchronization entry
                      ; - java.lang.System::allowSecurityManager@-1 (line 194)
                      ; - java.lang.System::getSecurityManager@0 (line 484)
                      ; - java.lang.ClassLoader::checkClassLoaderPermission@0 (line 2055)
                      ; - java.lang.Class::getClassLoader@23 (line 903)
                      ; - java.lang.invoke.MethodHandles$Lookup$ClassDefiner::defineClass@9 (line 2436)
  0x00007f996591ff1c: 2207 e98f 

  0x00007f996591ff20: ;   {metadata({method} {0x00007f99330109f8} 'getClassLoader' '(Ljava/lang/Class;)Ljava/lang/ClassLoader;' in 'java/lang/ClassLoader')}
  0x00007f996591ff20: f6ff ff49 | baf8 0901 | 3399 7f00 | 004c 8954 | 2408 48c7 | 0424 ffff 

  0x00007f996591ff38: ;   {runtime_call counter_overflow Runtime1 stub}
  0x00007f996591ff38: ffff e841 

  0x00007f996591ff3c: ; ImmutableOopMap {[208]=Oop [192]=Oop [184]=Oop [176]=Oop rsi=Oop rax=Oop }
                      ;*synchronization entry
                      ; - java.lang.ClassLoader::getClassLoader@-1 (line 2041)
                      ; - java.lang.ClassLoader::checkClassLoaderPermission@9 (line 2058)
                      ; - java.lang.Class::getClassLoader@23 (line 903)
                      ; - java.lang.invoke.MethodHandles$Lookup$ClassDefiner::defineClass@9 (line 2436)
  0x00007f996591ff3c: 5722 07e9 | 19f7 ffff 

  0x00007f996591ff44: ;   {runtime_call throw_null_pointer_exception Runtime1 stub}
  0x00007f996591ff44: e8d7 1619 

  0x00007f996591ff48: ; ImmutableOopMap {[208]=Oop [192]=Oop [184]=Oop [176]=Oop rsi=Oop rax=Oop }
                      ;*invokevirtual getClassLoader0 {reexecute=0 rethrow=0 return_oop=0}
                      ; - java.lang.ClassLoader::getClassLoader@7 (line 2045)
                      ; - java.lang.ClassLoader::checkClassLoaderPermission@9 (line 2058)
                      ; - java.lang.Class::getClassLoader@23 (line 903)
                      ; - java.lang.invoke.MethodHandles$Lookup$ClassDefiner::defineClass@9 (line 2436)
                      ;   {metadata({method} {0x00007f9933011440} 'needsClassLoaderPermissionCheck' '(Ljava/lang/ClassLoader;Ljava/lang/ClassLoader;)Z' in 'java/lang/ClassLoader')}
  0x00007f996591ff48: 0749 ba40 | 1401 3399 | 7f00 004c | 8954 2408 | 48c7 0424 | ffff ffff 

  0x00007f996591ff60: ;   {runtime_call counter_overflow Runtime1 stub}
  0x00007f996591ff60: e81b 5722 

  0x00007f996591ff64: ; ImmutableOopMap {[208]=Oop [192]=Oop [184]=Oop rsi=Oop rdx=Oop rbx=Oop [176]=Oop }
                      ;*synchronization entry
                      ; - java.lang.ClassLoader::needsClassLoaderPermissionCheck@-1 (line 2029)
                      ; - java.lang.ClassLoader::checkClassLoaderPermission@15 (line 2059)
                      ; - java.lang.Class::getClassLoader@23 (line 903)
                      ; - java.lang.invoke.MethodHandles$Lookup$ClassDefiner::defineClass@9 (line 2436)
  0x00007f996591ff64: 07e9 93f7 

  0x00007f996591ff68: ;   {runtime_call throw_null_pointer_exception Runtime1 stub}
  0x00007f996591ff68: ffff e8b1 

  0x00007f996591ff6c: ; ImmutableOopMap {[208]=Oop [192]=Oop [184]=Oop rsi=Oop rbx=Oop [176]=Oop rdx=Oop }
                      ;*invokevirtual isAncestor {reexecute=0 rethrow=0 return_oop=0}
                      ; - java.lang.ClassLoader::needsClassLoaderPermissionCheck@15 (line 2035)
                      ; - java.lang.ClassLoader::checkClassLoaderPermission@15 (line 2059)
                      ; - java.lang.Class::getClassLoader@23 (line 903)
                      ; - java.lang.invoke.MethodHandles$Lookup$ClassDefiner::defineClass@9 (line 2436)
                      ;   {metadata({method} {0x00007f993300a6b8} 'isAncestor' '(Ljava/lang/ClassLoader;)Z' in 'java/lang/ClassLoader')}
  0x00007f996591ff6c: 1619 0749 | bab8 a600 | 3399 7f00 | 004c 8954 | 2408 48c7 | 0424 ffff 

  0x00007f996591ff84: ;   {runtime_call counter_overflow Runtime1 stub}
  0x00007f996591ff84: ffff e8f5 

  0x00007f996591ff88: ; ImmutableOopMap {[208]=Oop [192]=Oop [184]=Oop rsi=Oop rbx=Oop [176]=Oop rdx=Oop }
                      ;*synchronization entry
                      ; - java.lang.ClassLoader::isAncestor@-1 (line 2011)
                      ; - java.lang.ClassLoader::needsClassLoaderPermissionCheck@15 (line 2035)
                      ; - java.lang.ClassLoader::checkClassLoaderPermission@15 (line 2059)
                      ; - java.lang.Class::getClassLoader@23 (line 903)
                      ; - java.lang.invoke.MethodHandles$Lookup$ClassDefiner::defineClass@9 (line 2436)
  0x00007f996591ff88: 5622 07e9 | acf8 ffff 

  0x00007f996591ff90: ;   {metadata({method} {0x00007f993300a6b8} 'isAncestor' '(Ljava/lang/ClassLoader;)Z' in 'java/lang/ClassLoader')}
  0x00007f996591ff90: 49ba b8a6 | 0033 997f | 0000 4c89 | 5424 0848 | c704 240f 

  0x00007f996591ffa4: ;   {runtime_call counter_overflow Runtime1 stub}
  0x00007f996591ffa4: 0000 00e8 

  0x00007f996591ffa8: ; ImmutableOopMap {[208]=Oop [192]=Oop [184]=Oop rsi=Oop rbx=Oop [176]=Oop rdx=Oop rdi=Oop }
                      ;*ifnonnull {reexecute=1 rethrow=0 return_oop=0}
                      ; - (reexecute) java.lang.ClassLoader::isAncestor@15 (line 2017)
                      ; - java.lang.ClassLoader::needsClassLoaderPermissionCheck@15 (line 2035)
                      ; - java.lang.ClassLoader::checkClassLoaderPermission@15 (line 2059)
                      ; - java.lang.Class::getClassLoader@23 (line 903)
                      ; - java.lang.invoke.MethodHandles$Lookup$ClassDefiner::defineClass@9 (line 2436)
  0x00007f996591ffa8: d456 2207 | e9e6 f8ff 

  0x00007f996591ffb0: ;   {runtime_call throw_null_pointer_exception Runtime1 stub}
  0x00007f996591ffb0: ffe8 6a16 

  0x00007f996591ffb4: ; ImmutableOopMap {[208]=Oop [192]=Oop [184]=Oop rsi=Oop rbx=Oop [176]=Oop rdx=Oop }
                      ;*getfield parent {reexecute=1 rethrow=0 return_oop=0}
                      ; - (reexecute) java.lang.ClassLoader::isAncestor@3 (line 2013)
                      ; - java.lang.ClassLoader::needsClassLoaderPermissionCheck@15 (line 2035)
                      ; - java.lang.ClassLoader::checkClassLoaderPermission@15 (line 2059)
                      ; - java.lang.Class::getClassLoader@23 (line 903)
                      ; - java.lang.invoke.MethodHandles$Lookup$ClassDefiner::defineClass@9 (line 2436)
                      ;   {runtime_call throw_null_pointer_exception Runtime1 stub}
  0x00007f996591ffb4: 1907 e865 

  0x00007f996591ffb8: ; ImmutableOopMap {[208]=Oop [192]=Oop [184]=Oop [176]=Oop rsi=Oop }
                      ;*invokevirtual checkPermission {reexecute=0 rethrow=0 return_oop=0}
                      ; - java.lang.ClassLoader::checkClassLoaderPermission@25 (line 2060)
                      ; - java.lang.Class::getClassLoader@23 (line 903)
                      ; - java.lang.invoke.MethodHandles$Lookup$ClassDefiner::defineClass@9 (line 2436)
                      ;   {runtime_call throw_null_pointer_exception Runtime1 stub}
  0x00007f996591ffb8: 1619 07e8 

  0x00007f996591ffbc: ; ImmutableOopMap {[208]=Oop [192]=Oop rbx=Oop rsi=Oop [184]=Oop rdi=Oop }
                      ;*invokevirtual lookupClassProtectionDomain {reexecute=0 rethrow=0 return_oop=0}
                      ; - java.lang.invoke.MethodHandles$Lookup$ClassDefiner::defineClass@23 (line 2437)
  0x00007f996591ffbc: 6016 1907 

  0x00007f996591ffc0: ;   {metadata({method} {0x00007f9933383b58} 'lookupClassProtectionDomain' '()Ljava/security/ProtectionDomain;' in 'java/lang/invoke/MethodHandles$Lookup')}
  0x00007f996591ffc0: 49ba 583b | 3833 997f | 0000 4c89 | 5424 0848 | c704 24ff 

  0x00007f996591ffd4: ;   {runtime_call counter_overflow Runtime1 stub}
  0x00007f996591ffd4: ffff ffe8 

  0x00007f996591ffd8: ; ImmutableOopMap {[208]=Oop [192]=Oop rbx=Oop rsi=Oop [184]=Oop rdi=Oop }
                      ;*synchronization entry
                      ; - java.lang.invoke.MethodHandles$Lookup::lookupClassProtectionDomain@-1 (line 2455)
                      ; - java.lang.invoke.MethodHandles$Lookup$ClassDefiner::defineClass@23 (line 2437)
  0x00007f996591ffd8: a456 2207 | e902 fbff 

  0x00007f996591ffe0: ;   {metadata({method} {0x00007f9933411c40} 'getJavaLangAccess' '()Ljdk/internal/access/JavaLangAccess;' in 'jdk/internal/access/SharedSecrets')}
  0x00007f996591ffe0: ff49 ba40 | 1c41 3399 | 7f00 004c | 8954 2408 | 48c7 0424 | ffff ffff 

  0x00007f996591fff8: ;   {runtime_call counter_overflow Runtime1 stub}
  0x00007f996591fff8: e883 5622 

  0x00007f996591fffc: ; ImmutableOopMap {[208]=Oop [192]=Oop [184]=Oop [224]=Oop rdi=Oop }
                      ;*synchronization entry
                      ; - jdk.internal.access.SharedSecrets::getJavaLangAccess@-1 (line 122)
                      ; - java.lang.invoke.MethodHandles$Lookup::lookupClassProtectionDomain@10 (line 2457)
                      ; - java.lang.invoke.MethodHandles$Lookup$ClassDefiner::defineClass@23 (line 2437)
  0x00007f996591fffc: 07e9 5afb 

  0x00007f9965920000: ;   {runtime_call throw_incompatible_class_change_error Runtime1 stub}
  0x00007f9965920000: ffff e819 

  0x00007f9965920004: ; ImmutableOopMap {[208]=Oop [192]=Oop [184]=Oop [224]=Oop rdi=Oop rax=Oop rdx=Oop }
                      ;*invokeinterface protectionDomain {reexecute=0 rethrow=0 return_oop=0}
                      ; - java.lang.invoke.MethodHandles$Lookup::lookupClassProtectionDomain@17 (line 2457)
                      ; - java.lang.invoke.MethodHandles$Lookup$ClassDefiner::defineClass@23 (line 2437)
                      ;   {runtime_call throw_null_pointer_exception Runtime1 stub}
  0x00007f9965920004: 2322 07e8 

  0x00007f9965920008: ; ImmutableOopMap {[208]=Oop [192]=Oop [184]=Oop [224]=Oop rdi=Oop rax=Oop rdx=Oop }
                      ;*invokeinterface protectionDomain {reexecute=0 rethrow=0 return_oop=0}
                      ; - java.lang.invoke.MethodHandles$Lookup::lookupClassProtectionDomain@17 (line 2457)
                      ; - java.lang.invoke.MethodHandles$Lookup$ClassDefiner::defineClass@23 (line 2437)
  0x00007f9965920008: 1416 1907 

  0x00007f996592000c: ;   {metadata({method} {0x00007f993301e820} 'protectionDomain' '(Ljava/lang/Class;)Ljava/security/ProtectionDomain;' in 'java/lang/System$2')}
  0x00007f996592000c: 49ba 20e8 | 0133 997f | 0000 4c89 | 5424 0848 | c704 24ff 

  0x00007f9965920020: ;   {runtime_call counter_overflow Runtime1 stub}
  0x00007f9965920020: ffff ffe8 

  0x00007f9965920024: ; ImmutableOopMap {[208]=Oop [192]=Oop [184]=Oop [224]=Oop rdi=Oop rdx=Oop }
                      ;*synchronization entry
                      ; - java.lang.System$2::protectionDomain@-1 (line 2439)
                      ; - java.lang.invoke.MethodHandles$Lookup::lookupClassProtectionDomain@17 (line 2457)
                      ; - java.lang.invoke.MethodHandles$Lookup$ClassDefiner::defineClass@23 (line 2437)
  0x00007f9965920024: 5856 2207 | e9c7 fbff 

  0x00007f996592002c: ;   {runtime_call throw_null_pointer_exception Runtime1 stub}
  0x00007f996592002c: ffe8 ee15 

  0x00007f9965920030: ; ImmutableOopMap {[208]=Oop [192]=Oop [184]=Oop [224]=Oop rdi=Oop rdx=Oop }
                      ;*invokevirtual protectionDomain {reexecute=0 rethrow=0 return_oop=0}
                      ; - java.lang.System$2::protectionDomain@1 (line 2439)
                      ; - java.lang.invoke.MethodHandles$Lookup::lookupClassProtectionDomain@17 (line 2457)
                      ; - java.lang.invoke.MethodHandles$Lookup$ClassDefiner::defineClass@23 (line 2437)
                      ;   {metadata({method} {0x00007f9933440b40} 'protectionDomain' '()Ljava/security/ProtectionDomain;' in 'java/lang/Class')}
  0x00007f9965920030: 1907 49ba | 400b 4433 | 997f 0000 | 4c89 5424 | 0848 c704 | 24ff ffff 

  0x00007f9965920048: ;   {runtime_call counter_overflow Runtime1 stub}
  0x00007f9965920048: ffe8 3256 

  0x00007f996592004c: ; ImmutableOopMap {[208]=Oop [192]=Oop [184]=Oop [224]=Oop rdi=Oop rdx=Oop }
                      ;*synchronization entry
                      ; - java.lang.Class::protectionDomain@-1 (line 3012)
                      ; - java.lang.System$2::protectionDomain@1 (line 2439)
                      ; - java.lang.invoke.MethodHandles$Lookup::lookupClassProtectionDomain@17 (line 2457)
                      ; - java.lang.invoke.MethodHandles$Lookup$ClassDefiner::defineClass@23 (line 2437)
  0x00007f996592004c: 2207 e9e1 

  0x00007f9965920050: ;   {oop(NULL)}
  0x00007f9965920050: fbff ff48 | ba00 0000 | 0000 0000 | 0050 5348 | 8b5a 1057 | 5652 5141 | 5041 5141 | 5241 53f7 
  0x00007f9965920070: c40f 0000 | 000f 8412 | 0000 0048 

  0x00007f996592007c: ;   {runtime_call Thread::current()}
  0x00007f996592007c: 83ec 08e8 | dc42 021d | 4883 c408 | e905 0000 

  0x00007f996592008c: ;   {runtime_call Thread::current()}
  0x00007f996592008c: 00e8 ce42 | 021d 415b | 415a 4159 | 4158 595a | 5e5f 483b | 8340 0100 | 005b 580f | 850a 0000 
  0x00007f99659200ac: 00e9 e8fb | ffff b800 

  0x00007f99659200b4: ;   {runtime_call load_mirror_patching Runtime1 stub}
  0x00007f99659200b4: 645a 0ae8 

  0x00007f99659200b8: ; ImmutableOopMap {[208]=Oop [192]=Oop [184]=Oop [224]=Oop [216]=Oop }
                      ;*getstatic allPermDomain {reexecute=1 rethrow=0 return_oop=0}
                      ; - (reexecute) java.lang.Class::protectionDomain@9 (line 3014)
                      ; - java.lang.System$2::protectionDomain@1 (line 2439)
                      ; - java.lang.invoke.MethodHandles$Lookup::lookupClassProtectionDomain@17 (line 2457)
                      ; - java.lang.invoke.MethodHandles$Lookup$ClassDefiner::defineClass@23 (line 2437)
  0x00007f99659200b8: c445 2207 | e9cf fbff 

  0x00007f99659200c0: ;   {runtime_call throw_null_pointer_exception Runtime1 stub}
  0x00007f99659200c0: ffe8 5a15 

  0x00007f99659200c4: ; ImmutableOopMap {[208]=Oop [192]=Oop [184]=Oop [224]=Oop [216]=Oop rdx=Oop }
                      ;*getstatic allPermDomain {reexecute=1 rethrow=0 return_oop=0}
                      ; - (reexecute) java.lang.Class::protectionDomain@9 (line 3014)
                      ; - java.lang.System$2::protectionDomain@1 (line 2439)
                      ; - java.lang.invoke.MethodHandles$Lookup::lookupClassProtectionDomain@17 (line 2457)
                      ; - java.lang.invoke.MethodHandles$Lookup$ClassDefiner::defineClass@23 (line 2437)
  0x00007f99659200c4: 1907 8b92 | 0000 0000 | b800 0b05 

  0x00007f99659200d0: ;   {runtime_call access_field_patching Runtime1 stub}
  0x00007f99659200d0: 06e8 aa38 

  0x00007f99659200d4: ; ImmutableOopMap {[208]=Oop [192]=Oop [184]=Oop [224]=Oop [216]=Oop rdx=Oop }
                      ;*getstatic allPermDomain {reexecute=1 rethrow=0 return_oop=0}
                      ; - (reexecute) java.lang.Class::protectionDomain@9 (line 3014)
                      ; - java.lang.System$2::protectionDomain@1 (line 2439)
                      ; - java.lang.invoke.MethodHandles$Lookup::lookupClassProtectionDomain@17 (line 2457)
                      ; - java.lang.invoke.MethodHandles$Lookup$ClassDefiner::defineClass@23 (line 2437)
  0x00007f99659200d4: 2207 e9c5 | fbff ff8b | 4f18 4883 | f900 0f84 | dcfb ffff | 4889 0c24 

  0x00007f99659200ec: ;   {runtime_call g1_pre_barrier_slow}
  0x00007f99659200ec: e88f 5c22 | 07e9 cefb | ffff 4883 | fa00 0f84 | e5fb ffff | 4889 3c24 

  0x00007f9965920104: ;   {runtime_call g1_post_barrier_slow}
  0x00007f9965920104: e8f7 5f22 | 07e9 d7fb 

  0x00007f996592010c: ;   {metadata({method} {0x00007f9933411c40} 'getJavaLangAccess' '()Ljdk/internal/access/JavaLangAccess;' in 'jdk/internal/access/SharedSecrets')}
  0x00007f996592010c: ffff 49ba | 401c 4133 | 997f 0000 | 4c89 5424 | 0848 c704 | 24ff ffff 

  0x00007f9965920124: ;   {runtime_call counter_overflow Runtime1 stub}
  0x00007f9965920124: ffe8 5655 

  0x00007f9965920128: ; ImmutableOopMap {rax=Oop rbx=Oop rsi=Oop [184]=Oop [208]=Oop rdi=Oop [192]=Oop }
                      ;*synchronization entry
                      ; - jdk.internal.access.SharedSecrets::getJavaLangAccess@-1 (line 122)
                      ; - java.lang.invoke.MethodHandles$Lookup$ClassDefiner::defineClass@32 (line 2438)
  0x00007f9965920128: 2207 e932 

  0x00007f996592012c: ;   {runtime_call throw_incompatible_class_change_error Runtime1 stub}
  0x00007f996592012c: fcff ffe8 

  0x00007f9965920130: ; ImmutableOopMap {rax=Oop rbx=Oop [208]=Oop rdi=Oop [192]=Oop r14=Oop r8=Oop r9=Oop [184]=Oop }
                      ;*invokeinterface defineClass {reexecute=0 rethrow=0 return_oop=0}
                      ; - java.lang.invoke.MethodHandles$Lookup$ClassDefiner::defineClass@54 (line 2439)
  0x00007f9965920130: ec21 2207 

  0x00007f9965920134: ;   {runtime_call throw_null_pointer_exception Runtime1 stub}
  0x00007f9965920134: e8e7 1419 

  0x00007f9965920138: ; ImmutableOopMap {rax=Oop rbx=Oop [208]=Oop rdi=Oop [192]=Oop r14=Oop r8=Oop r9=Oop [184]=Oop }
                      ;*invokeinterface defineClass {reexecute=0 rethrow=0 return_oop=0}
                      ; - java.lang.invoke.MethodHandles$Lookup$ClassDefiner::defineClass@54 (line 2439)
                      ;   {internal_word}
  0x00007f9965920138: 0749 ba24 | fe91 6599 | 7f00 004d | 8997 5803 

  0x00007f9965920148: ;   {runtime_call SafepointBlob}
  0x00007f9965920148: 0000 e9b1 | 1718 0790 | 9049 8b87 | d003 0000 | 49c7 87d0 | 0300 0000 | 0000 0049 | c787 d803 
  0x00007f9965920168: 0000 0000 | 0000 4881 | c4f0 0000 

  0x00007f9965920174: ;   {runtime_call unwind_exception Runtime1 stub}
  0x00007f9965920174: 005d e985 | 2319 07f4 | f4f4 f4f4 
[Stub Code]
  0x00007f9965920180: ;   {no_reloc}
  0x00007f9965920180: 0f1f 4400 

  0x00007f9965920184: ;   {static_stub}
  0x00007f9965920184: 0048 bb00 | 0000 0000 

  0x00007f996592018c: ;   {runtime_call}
  0x00007f996592018c: 0000 00e9 | fbff ffff 

  0x00007f9965920194: ;   {static_stub}
  0x00007f9965920194: 9048 bb00 | 0000 0000 

  0x00007f996592019c: ;   {runtime_call}
  0x00007f996592019c: 0000 00e9 | fbff ffff 

  0x00007f99659201a4: ;   {static_stub}
  0x00007f99659201a4: 9048 bb00 | 0000 0000 

  0x00007f99659201ac: ;   {runtime_call}
  0x00007f99659201ac: 0000 00e9 | fbff ffff 

  0x00007f99659201b4: ;   {static_stub}
  0x00007f99659201b4: 9048 bbe0 | ea01 3399 

  0x00007f99659201bc: ;   {runtime_call I2C/C2I adapters}
  0x00007f99659201bc: 7f00 00e9 | 483f 1807 
[Exception Handler]
  0x00007f99659201c4: ;   {runtime_call handle_exception_from_callee Runtime1 stub}
  0x00007f99659201c4: e837 1822 

  0x00007f99659201c8: ;   {external_word}
  0x00007f99659201c8: 0748 bf4a | e6dc 8299 | 7f00 0048 

  0x00007f99659201d4: ;   {runtime_call MacroAssembler::debug64(char*, long, long*)}
  0x00007f99659201d4: 83e4 f0e8 | a4b0 ff1c 

  0x00007f99659201dc: ;   {section_word}
  0x00007f99659201dc: f449 badd | 0192 6599 | 7f00 0041 

  0x00007f99659201e8: ;   {runtime_call DeoptimizationBlob}
  0x00007f99659201e8: 52e9 b22b | 1807 f4f4 
[/MachCode]


---------------  P R O C E S S  ---------------

Threads class SMR info:
_java_thread_list=0x00007f99514ad7f0, length=34, elements={
0x00007f997c01b090, 0x00007f997c12a8c0, 0x00007f997c12bca0, 0x00007f997c1324b0,
0x00007f997c133860, 0x00007f997c134c70, 0x00007f997c136620, 0x00007f997c137b50,
0x00007f997c138fc0, 0x00007f997c144470, 0x00007f997c2550a0, 0x00007f997d8e7c70,
0x00007f997d96ecf0, 0x00007f997d9823d0, 0x00007f991c01baa0, 0x00007f9924004ee0,
0x00007f9924007dd0, 0x00007f9924009dd0, 0x00007f9950007f80, 0x00007f995000b570,
0x00007f9950015a20, 0x00007f99502873c0, 0x00007f995028ed70, 0x00007f99502c3f30,
0x00007f995062fd50, 0x00007f99506a9970, 0x00007f9950993ac0, 0x00007f99508e65e0,
0x00007f9950a5d5b0, 0x00007f9950a7a870, 0x00007f9950fba2d0, 0x00007f9950fd3250,
0x00007f9951386980, 0x00007f99514abfc0
}

Java Threads: ( => current thread )
  0x00007f997c01b090 JavaThread "main" [_thread_blocked, id=1776, stack(0x00007f99819f8000,0x00007f9981af8000)]
  0x00007f997c12a8c0 JavaThread "Reference Handler" daemon [_thread_blocked, id=1786, stack(0x00007f9964c5e000,0x00007f9964d5e000)]
  0x00007f997c12bca0 JavaThread "Finalizer" daemon [_thread_blocked, id=1787, stack(0x00007f9964b5d000,0x00007f9964c5d000)]
  0x00007f997c1324b0 JavaThread "Signal Dispatcher" daemon [_thread_blocked, id=1788, stack(0x00007f9964a05000,0x00007f9964b05000)]
  0x00007f997c133860 JavaThread "Service Thread" daemon [_thread_blocked, id=1789, stack(0x00007f9964904000,0x00007f9964a04000)]
  0x00007f997c134c70 JavaThread "Monitor Deflation Thread" daemon [_thread_blocked, id=1790, stack(0x00007f9964803000,0x00007f9964903000)]
  0x00007f997c136620 JavaThread "C2 CompilerThread0" daemon [_thread_blocked, id=1791, stack(0x00007f9964702000,0x00007f9964802000)]
  0x00007f997c137b50 JavaThread "C1 CompilerThread0" daemon [_thread_blocked, id=1792, stack(0x00007f9964601000,0x00007f9964701000)]
  0x00007f997c138fc0 JavaThread "Sweeper thread" daemon [_thread_blocked, id=1793, stack(0x00007f9964500000,0x00007f9964600000)]
  0x00007f997c144470 JavaThread "Common-Cleaner" daemon [_thread_blocked, id=1794, stack(0x00007f99643ff000,0x00007f99644ff000)]
  0x00007f997c2550a0 JavaThread "Notification Thread" daemon [_thread_blocked, id=1795, stack(0x00007f99642fe000,0x00007f99643fe000)]
  0x00007f997d8e7c70 JavaThread "Daemon health stats" [_thread_blocked, id=1803, stack(0x00007f9955b00000,0x00007f9955c00000)]
  0x00007f997d96ecf0 JavaThread "Incoming local TCP Connector on port 45299" [_thread_in_native, id=1805, stack(0x00007f99559ff000,0x00007f9955aff000)]
  0x00007f997d9823d0 JavaThread "Daemon periodic checks" [_thread_blocked, id=1806, stack(0x00007f99558fe000,0x00007f99559fe000)]
  0x00007f991c01baa0 JavaThread "Daemon" [_thread_blocked, id=1807, stack(0x00007f99557fd000,0x00007f99558fd000)]
  0x00007f9924004ee0 JavaThread "Handler for socket connection from /127.0.0.1:45299 to /127.0.0.1:41330" [_thread_in_native, id=1808, stack(0x00007f99556fc000,0x00007f99557fc000)]
  0x00007f9924007dd0 JavaThread "Cancel handler" [_thread_blocked, id=1809, stack(0x00007f99555fb000,0x00007f99556fb000)]
=>0x00007f9924009dd0 JavaThread "Daemon worker" [_thread_in_vm, id=1810, stack(0x00007f99554fa000,0x00007f99555fa000)]
  0x00007f9950007f80 JavaThread "Asynchronous log dispatcher for DefaultDaemonConnection: socket connection from /127.0.0.1:45299 to /127.0.0.1:41330" [_thread_blocked, id=1811, stack(0x00007f99553f9000,0x00007f99554f9000)]
  0x00007f995000b570 JavaThread "Stdin handler" [_thread_blocked, id=1812, stack(0x00007f99552f8000,0x00007f99553f8000)]
  0x00007f9950015a20 JavaThread "Daemon client event forwarder" [_thread_blocked, id=1813, stack(0x00007f99551f7000,0x00007f99552f7000)]
  0x00007f99502873c0 JavaThread "Cache worker for journal cache (/root/.gradle/caches/journal-1)" [_thread_blocked, id=1815, stack(0x00007f99550f6000,0x00007f99551f6000)]
  0x00007f995028ed70 JavaThread "File lock request listener" [_thread_in_native, id=1816, stack(0x00007f9954ff5000,0x00007f99550f5000)]
  0x00007f99502c3f30 JavaThread "Cache worker for file hash cache (/root/.gradle/caches/9.4.0/fileHashes)" [_thread_blocked, id=1819, stack(0x00007f9954ef4000,0x00007f9954ff4000)]
  0x00007f995062fd50 JavaThread "Cache worker for file hash cache (/workspace/.gradle/9.4.0/fileHashes)" [_thread_blocked, id=1823, stack(0x00007f9954df3000,0x00007f9954ef3000)]
  0x00007f99506a9970 JavaThread "Cache worker for Build Output Cleanup Cache (/workspace/.gradle/buildOutputCleanup)" [_thread_blocked, id=1824, stack(0x00007f9954cf2000,0x00007f9954df2000)]
  0x00007f9950993ac0 JavaThread "Cache worker for file content cache (/root/.gradle/caches/9.4.0/fileContent)" [_thread_blocked, id=1826, stack(0x00007f9954bf1000,0x00007f9954cf1000)]
  0x00007f99508e65e0 JavaThread "Cache worker for checksums cache (/workspace/.gradle/9.4.0/checksums)" [_thread_blocked, id=1827, stack(0x00007f9954af0000,0x00007f9954bf0000)]
  0x00007f9950a5d5b0 JavaThread "Cache worker for cache directory md-supplier (/root/.gradle/caches/9.4.0/md-supplier)" [_thread_blocked, id=1829, stack(0x00007f99549ef000,0x00007f9954aef000)]
  0x00007f9950a7a870 JavaThread "Cache worker for cache directory md-rule (/root/.gradle/caches/9.4.0/md-rule)" [_thread_blocked, id=1830, stack(0x00007f99548ee000,0x00007f99549ee000)]
  0x00007f9950fba2d0 JavaThread "Build operations" [_thread_blocked, id=1840, stack(0x00007f99547ed000,0x00007f99548ed000)]
  0x00007f9950fd3250 JavaThread "Build operations Thread 2" [_thread_blocked, id=1841, stack(0x00007f99546ec000,0x00007f99547ec000)]
  0x00007f9951386980 JavaThread "build event listener" [_thread_blocked, id=1849, stack(0x00007f99545eb000,0x00007f99546eb000)]
  0x00007f99514abfc0 JavaThread "Memory manager" [_thread_blocked, id=1857, stack(0x00007f99544ea000,0x00007f99545ea000)]

Other Threads:
  0x00007f997c1267c0 VMThread "VM Thread" [stack: 0x00007f9964d5f000,0x00007f9964e5f000] [id=1785] _threads_hazard_ptr=0x00007f99514ad7f0
  0x00007f997c01d400 WatcherThread [stack: 0x00007f99641fd000,0x00007f99642fd000] [id=1796]
  0x00007f997c048600 GCTaskThread "GC Thread#0" [stack: 0x00007f99801c0000,0x00007f99802c0000] [id=1779]
  0x00007f992c004990 GCTaskThread "GC Thread#1" [stack: 0x00007f99640fc000,0x00007f99641fc000] [id=1798]
  0x00007f997c04dbe0 ConcurrentGCThread "G1 Main Marker" [stack: 0x00007f99800bf000,0x00007f99801bf000] [id=1781]
  0x00007f997c04eb50 ConcurrentGCThread "G1 Conc#0" [stack: 0x00007f9965411000,0x00007f9965511000] [id=1782]
  0x00007f997c102380 ConcurrentGCThread "G1 Refine#0" [stack: 0x00007f996510e000,0x00007f996520e000] [id=1783]
  0x00007f9950000ea0 ConcurrentGCThread "G1 Refine#1" [stack: 0x00007f9955f00000,0x00007f9956000000] [id=1799]
  0x00007f997c103280 ConcurrentGCThread "G1 Service" [stack: 0x00007f996500d000,0x00007f996510d000] [id=1784]

Threads with active compile tasks:
C2 CompilerThread0  27557 6779       4       jdk.internal.org.objectweb.asm.ClassReader::<init> (371 bytes)
C1 CompilerThread0  27557 6782       3       org.gradle.internal.instantiation.generator.Jsr330ConstructorSelector$CachedConstructor::getConstructor (17 bytes)

VM state: synchronizing (normal execution)

VM Mutex/Monitor currently owned by a thread:  ([mutex/lock_event])
[0x00007f997c016e00] Metaspace_lock - owner thread: 0x00007f9924009dd0
[0x00007f997c017e80] Threads_lock - owner thread: 0x00007f997c1267c0

Heap address: 0x00000000e0000000, size: 512 MB, Compressed Oops mode: 32-bit

CDS archive(s) mapped at: [0x00007f9933000000-0x00007f9933bca000-0x00007f9933bca000), size 12361728, SharedBaseAddress: 0x00007f9933000000, ArchiveRelocationMode: 1.
Compressed class space mapped at: 0x00007f9934000000-0x00007f9948000000, reserved size: 335544320
Narrow klass base: 0x00007f9933000000, Narrow klass shift: 0, Narrow klass range: 0x100000000

GC Precious Log:
 CPUs: 2 total, 2 available
 Memory: 2048M
 Large Page Support: Disabled
 NUMA Support: Disabled
 Compressed Oops: Enabled (32-bit)
 Heap Region Size: 1M
 Heap Min Capacity: 256M
 Heap Initial Capacity: 256M
 Heap Max Capacity: 512M
 Pre-touch: Disabled
 Parallel Workers: 2
 Concurrent Workers: 1
 Concurrent Refinement Workers: 2
 Periodic GC: Disabled

Heap:
 garbage-first heap   total 262144K, used 161585K [0x00000000e0000000, 0x0000000100000000)
  region size 1024K, 129 young (132096K), 11 survivors (11264K)
 Metaspace       used 55641K, committed 56192K, reserved 393216K
  class space    used 7916K, committed 8192K, reserved 327680K

Heap Regions: E=young(eden), S=young(survivor), O=old, HS=humongous(starts), HC=humongous(continues), CS=collection set, F=free, OA=open archive, CA=closed archive, TAMS=top-at-mark-start (previous, next)
|   0|0x00000000e0000000, 0x00000000e0100000, 0x00000000e0100000|100%| O|  |TAMS 0x00000000e0100000, 0x00000000e0000000| Untracked 
|   1|0x00000000e0100000, 0x00000000e0200000, 0x00000000e0200000|100%| O|  |TAMS 0x00000000e0200000, 0x00000000e0100000| Untracked 
|   2|0x00000000e0200000, 0x00000000e0300000, 0x00000000e0300000|100%| O|  |TAMS 0x00000000e0300000, 0x00000000e0200000| Untracked 
|   3|0x00000000e0300000, 0x00000000e0400000, 0x00000000e0400000|100%|HS|  |TAMS 0x00000000e0400000, 0x00000000e0300000| Complete 
|   4|0x00000000e0400000, 0x00000000e0500000, 0x00000000e0500000|100%|HC|  |TAMS 0x00000000e0500000, 0x00000000e0400000| Complete 
|   5|0x00000000e0500000, 0x00000000e0600000, 0x00000000e0600000|100%|HC|  |TAMS 0x00000000e0600000, 0x00000000e0500000| Complete 
|   6|0x00000000e0600000, 0x00000000e0700000, 0x00000000e0700000|100%|HC|  |TAMS 0x00000000e0700000, 0x00000000e0600000| Complete 
|   7|0x00000000e0700000, 0x00000000e0800000, 0x00000000e0800000|100%| O|  |TAMS 0x00000000e0800000, 0x00000000e0700000| Untracked 
|   8|0x00000000e0800000, 0x00000000e0900000, 0x00000000e0900000|100%| O|  |TAMS 0x00000000e0900000, 0x00000000e0800000| Untracked 
|   9|0x00000000e0900000, 0x00000000e0a00000, 0x00000000e0a00000|100%| O|  |TAMS 0x00000000e0a00000, 0x00000000e0900000| Untracked 
|  10|0x00000000e0a00000, 0x00000000e0b00000, 0x00000000e0b00000|100%| O|  |TAMS 0x00000000e0b00000, 0x00000000e0a00000| Untracked 
|  11|0x00000000e0b00000, 0x00000000e0c00000, 0x00000000e0c00000|100%|HS|  |TAMS 0x00000000e0c00000, 0x00000000e0b00000| Complete 
|  12|0x00000000e0c00000, 0x00000000e0d00000, 0x00000000e0d00000|100%| O|  |TAMS 0x00000000e0d00000, 0x00000000e0c00000| Untracked 
|  13|0x00000000e0d00000, 0x00000000e0e00000, 0x00000000e0e00000|100%| O|  |TAMS 0x00000000e0e00000, 0x00000000e0d00000| Untracked 
|  14|0x00000000e0e00000, 0x00000000e0e6ac00, 0x00000000e0f00000| 41%| O|  |TAMS 0x00000000e0e6ac00, 0x00000000e0e00000| Untracked 
|  15|0x00000000e0f00000, 0x00000000e1000000, 0x00000000e1000000|100%| O|  |TAMS 0x00000000e1000000, 0x00000000e0f00000| Untracked 
|  16|0x00000000e1000000, 0x00000000e1100000, 0x00000000e1100000|100%| O|  |TAMS 0x00000000e1100000, 0x00000000e1000000| Untracked 
|  17|0x00000000e1100000, 0x00000000e1200000, 0x00000000e1200000|100%| O|  |TAMS 0x00000000e1200000, 0x00000000e1100000| Untracked 
|  18|0x00000000e1200000, 0x00000000e1300000, 0x00000000e1300000|100%| O|  |TAMS 0x00000000e1300000, 0x00000000e1200000| Untracked 
|  19|0x00000000e1300000, 0x00000000e1400000, 0x00000000e1400000|100%| O|  |TAMS 0x00000000e1400000, 0x00000000e1300000| Untracked 
|  20|0x00000000e1400000, 0x00000000e1500000, 0x00000000e1500000|100%| O|  |TAMS 0x00000000e1500000, 0x00000000e1400000| Untracked 
|  21|0x00000000e1500000, 0x00000000e1600000, 0x00000000e1600000|100%| O|  |TAMS 0x00000000e1600000, 0x00000000e1500000| Untracked 
|  22|0x00000000e1600000, 0x00000000e1674800, 0x00000000e1700000| 45%| O|  |TAMS 0x00000000e1674800, 0x00000000e1600000| Untracked 
|  23|0x00000000e1700000, 0x00000000e1800000, 0x00000000e1800000|100%|HS|  |TAMS 0x00000000e1700000, 0x00000000e1700000| Complete 
|  24|0x00000000e1800000, 0x00000000e1900000, 0x00000000e1900000|100%|HC|  |TAMS 0x00000000e1800000, 0x00000000e1800000| Complete 
|  25|0x00000000e1900000, 0x00000000e1a00000, 0x00000000e1a00000|100%|HS|  |TAMS 0x00000000e1900000, 0x00000000e1900000| Complete 
|  26|0x00000000e1a00000, 0x00000000e1b00000, 0x00000000e1b00000|100%|HC|  |TAMS 0x00000000e1a00000, 0x00000000e1a00000| Complete 
|  27|0x00000000e1b00000, 0x00000000e1c00000, 0x00000000e1c00000|100%|HS|  |TAMS 0x00000000e1b00000, 0x00000000e1b00000| Complete 
|  28|0x00000000e1c00000, 0x00000000e1d00000, 0x00000000e1d00000|100%|HC|  |TAMS 0x00000000e1c00000, 0x00000000e1c00000| Complete 
|  29|0x00000000e1d00000, 0x00000000e1e00000, 0x00000000e1e00000|100%|HC|  |TAMS 0x00000000e1d00000, 0x00000000e1d00000| Complete 
|  30|0x00000000e1e00000, 0x00000000e1e00000, 0x00000000e1f00000|  0%| F|  |TAMS 0x00000000e1e00000, 0x00000000e1e00000| Untracked 
|  31|0x00000000e1f00000, 0x00000000e1f00000, 0x00000000e2000000|  0%| F|  |TAMS 0x00000000e1f00000, 0x00000000e1f00000| Untracked 
|  32|0x00000000e2000000, 0x00000000e2000000, 0x00000000e2100000|  0%| F|  |TAMS 0x00000000e2000000, 0x00000000e2000000| Untracked 
|  33|0x00000000e2100000, 0x00000000e2100000, 0x00000000e2200000|  0%| F|  |TAMS 0x00000000e2100000, 0x00000000e2100000| Untracked 
|  34|0x00000000e2200000, 0x00000000e2200000, 0x00000000e2300000|  0%| F|  |TAMS 0x00000000e2200000, 0x00000000e2200000| Untracked 
|  35|0x00000000e2300000, 0x00000000e2300000, 0x00000000e2400000|  0%| F|  |TAMS 0x00000000e2300000, 0x00000000e2300000| Untracked 
|  36|0x00000000e2400000, 0x00000000e2400000, 0x00000000e2500000|  0%| F|  |TAMS 0x00000000e2400000, 0x00000000e2400000| Untracked 
|  37|0x00000000e2500000, 0x00000000e2500000, 0x00000000e2600000|  0%| F|  |TAMS 0x00000000e2500000, 0x00000000e2500000| Untracked 
|  38|0x00000000e2600000, 0x00000000e2600000, 0x00000000e2700000|  0%| F|  |TAMS 0x00000000e2600000, 0x00000000e2600000| Untracked 
|  39|0x00000000e2700000, 0x00000000e2700000, 0x00000000e2800000|  0%| F|  |TAMS 0x00000000e2700000, 0x00000000e2700000| Untracked 
|  40|0x00000000e2800000, 0x00000000e2800000, 0x00000000e2900000|  0%| F|  |TAMS 0x00000000e2800000, 0x00000000e2800000| Untracked 
|  41|0x00000000e2900000, 0x00000000e2900000, 0x00000000e2a00000|  0%| F|  |TAMS 0x00000000e2900000, 0x00000000e2900000| Untracked 
|  42|0x00000000e2a00000, 0x00000000e2a00000, 0x00000000e2b00000|  0%| F|  |TAMS 0x00000000e2a00000, 0x00000000e2a00000| Untracked 
|  43|0x00000000e2b00000, 0x00000000e2b00000, 0x00000000e2c00000|  0%| F|  |TAMS 0x00000000e2b00000, 0x00000000e2b00000| Untracked 
|  44|0x00000000e2c00000, 0x00000000e2c00000, 0x00000000e2d00000|  0%| F|  |TAMS 0x00000000e2c00000, 0x00000000e2c00000| Untracked 
|  45|0x00000000e2d00000, 0x00000000e2d00000, 0x00000000e2e00000|  0%| F|  |TAMS 0x00000000e2d00000, 0x00000000e2d00000| Untracked 
|  46|0x00000000e2e00000, 0x00000000e2e00000, 0x00000000e2f00000|  0%| F|  |TAMS 0x00000000e2e00000, 0x00000000e2e00000| Untracked 
|  47|0x00000000e2f00000, 0x00000000e2f00000, 0x00000000e3000000|  0%| F|  |TAMS 0x00000000e2f00000, 0x00000000e2f00000| Untracked 
|  48|0x00000000e3000000, 0x00000000e3000000, 0x00000000e3100000|  0%| F|  |TAMS 0x00000000e3000000, 0x00000000e3000000| Untracked 
|  49|0x00000000e3100000, 0x00000000e3100000, 0x00000000e3200000|  0%| F|  |TAMS 0x00000000e3100000, 0x00000000e3100000| Untracked 
|  50|0x00000000e3200000, 0x00000000e3200000, 0x00000000e3300000|  0%| F|  |TAMS 0x00000000e3200000, 0x00000000e3200000| Untracked 
|  51|0x00000000e3300000, 0x00000000e3300000, 0x00000000e3400000|  0%| F|  |TAMS 0x00000000e3300000, 0x00000000e3300000| Untracked 
|  52|0x00000000e3400000, 0x00000000e3400000, 0x00000000e3500000|  0%| F|  |TAMS 0x00000000e3400000, 0x00000000e3400000| Untracked 
|  53|0x00000000e3500000, 0x00000000e3500000, 0x00000000e3600000|  0%| F|  |TAMS 0x00000000e3500000, 0x00000000e3500000| Untracked 
|  54|0x00000000e3600000, 0x00000000e3600000, 0x00000000e3700000|  0%| F|  |TAMS 0x00000000e3600000, 0x00000000e3600000| Untracked 
|  55|0x00000000e3700000, 0x00000000e3700000, 0x00000000e3800000|  0%| F|  |TAMS 0x00000000e3700000, 0x00000000e3700000| Untracked 
|  56|0x00000000e3800000, 0x00000000e3800000, 0x00000000e3900000|  0%| F|  |TAMS 0x00000000e3800000, 0x00000000e3800000| Untracked 
|  57|0x00000000e3900000, 0x00000000e3900000, 0x00000000e3a00000|  0%| F|  |TAMS 0x00000000e3900000, 0x00000000e3900000| Untracked 
|  58|0x00000000e3a00000, 0x00000000e3a00000, 0x00000000e3b00000|  0%| F|  |TAMS 0x00000000e3a00000, 0x00000000e3a00000| Untracked 
|  59|0x00000000e3b00000, 0x00000000e3b00000, 0x00000000e3c00000|  0%| F|  |TAMS 0x00000000e3b00000, 0x00000000e3b00000| Untracked 
|  60|0x00000000e3c00000, 0x00000000e3c00000, 0x00000000e3d00000|  0%| F|  |TAMS 0x00000000e3c00000, 0x00000000e3c00000| Untracked 
|  61|0x00000000e3d00000, 0x00000000e3d00000, 0x00000000e3e00000|  0%| F|  |TAMS 0x00000000e3d00000, 0x00000000e3d00000| Untracked 
|  62|0x00000000e3e00000, 0x00000000e3e00000, 0x00000000e3f00000|  0%| F|  |TAMS 0x00000000e3e00000, 0x00000000e3e00000| Untracked 
|  63|0x00000000e3f00000, 0x00000000e3f00000, 0x00000000e4000000|  0%| F|  |TAMS 0x00000000e3f00000, 0x00000000e3f00000| Untracked 
|  64|0x00000000e4000000, 0x00000000e4000000, 0x00000000e4100000|  0%| F|  |TAMS 0x00000000e4000000, 0x00000000e4000000| Untracked 
|  65|0x00000000e4100000, 0x00000000e4100000, 0x00000000e4200000|  0%| F|  |TAMS 0x00000000e4100000, 0x00000000e4100000| Untracked 
|  66|0x00000000e4200000, 0x00000000e4200000, 0x00000000e4300000|  0%| F|  |TAMS 0x00000000e4200000, 0x00000000e4200000| Untracked 
|  67|0x00000000e4300000, 0x00000000e4300000, 0x00000000e4400000|  0%| F|  |TAMS 0x00000000e4300000, 0x00000000e4300000| Untracked 
|  68|0x00000000e4400000, 0x00000000e4400000, 0x00000000e4500000|  0%| F|  |TAMS 0x00000000e4400000, 0x00000000e4400000| Untracked 
|  69|0x00000000e4500000, 0x00000000e4500000, 0x00000000e4600000|  0%| F|  |TAMS 0x00000000e4500000, 0x00000000e4500000| Untracked 
|  70|0x00000000e4600000, 0x00000000e4600000, 0x00000000e4700000|  0%| F|  |TAMS 0x00000000e4600000, 0x00000000e4600000| Untracked 
|  71|0x00000000e4700000, 0x00000000e4700000, 0x00000000e4800000|  0%| F|  |TAMS 0x00000000e4700000, 0x00000000e4700000| Untracked 
|  72|0x00000000e4800000, 0x00000000e4800000, 0x00000000e4900000|  0%| F|  |TAMS 0x00000000e4800000, 0x00000000e4800000| Untracked 
|  73|0x00000000e4900000, 0x00000000e4900000, 0x00000000e4a00000|  0%| F|  |TAMS 0x00000000e4900000, 0x00000000e4900000| Untracked 
|  74|0x00000000e4a00000, 0x00000000e4a00000, 0x00000000e4b00000|  0%| F|  |TAMS 0x00000000e4a00000, 0x00000000e4a00000| Untracked 
|  75|0x00000000e4b00000, 0x00000000e4b00000, 0x00000000e4c00000|  0%| F|  |TAMS 0x00000000e4b00000, 0x00000000e4b00000| Untracked 
|  76|0x00000000e4c00000, 0x00000000e4c00000, 0x00000000e4d00000|  0%| F|  |TAMS 0x00000000e4c00000, 0x00000000e4c00000| Untracked 
|  77|0x00000000e4d00000, 0x00000000e4d00000, 0x00000000e4e00000|  0%| F|  |TAMS 0x00000000e4d00000, 0x00000000e4d00000| Untracked 
|  78|0x00000000e4e00000, 0x00000000e4e00000, 0x00000000e4f00000|  0%| F|  |TAMS 0x00000000e4e00000, 0x00000000e4e00000| Untracked 
|  79|0x00000000e4f00000, 0x00000000e4f00000, 0x00000000e5000000|  0%| F|  |TAMS 0x00000000e4f00000, 0x00000000e4f00000| Untracked 
|  80|0x00000000e5000000, 0x00000000e5000000, 0x00000000e5100000|  0%| F|  |TAMS 0x00000000e5000000, 0x00000000e5000000| Untracked 
|  81|0x00000000e5100000, 0x00000000e5100000, 0x00000000e5200000|  0%| F|  |TAMS 0x00000000e5100000, 0x00000000e5100000| Untracked 
|  82|0x00000000e5200000, 0x00000000e5200000, 0x00000000e5300000|  0%| F|  |TAMS 0x00000000e5200000, 0x00000000e5200000| Untracked 
|  83|0x00000000e5300000, 0x00000000e5300000, 0x00000000e5400000|  0%| F|  |TAMS 0x00000000e5300000, 0x00000000e5300000| Untracked 
|  84|0x00000000e5400000, 0x00000000e5400000, 0x00000000e5500000|  0%| F|  |TAMS 0x00000000e5400000, 0x00000000e5400000| Untracked 
|  85|0x00000000e5500000, 0x00000000e5500000, 0x00000000e5600000|  0%| F|  |TAMS 0x00000000e5500000, 0x00000000e5500000| Untracked 
|  86|0x00000000e5600000, 0x00000000e5600000, 0x00000000e5700000|  0%| F|  |TAMS 0x00000000e5600000, 0x00000000e5600000| Untracked 
|  87|0x00000000e5700000, 0x00000000e5700000, 0x00000000e5800000|  0%| F|  |TAMS 0x00000000e5700000, 0x00000000e5700000| Untracked 
|  88|0x00000000e5800000, 0x00000000e5800000, 0x00000000e5900000|  0%| F|  |TAMS 0x00000000e5800000, 0x00000000e5800000| Untracked 
|  89|0x00000000e5900000, 0x00000000e5900000, 0x00000000e5a00000|  0%| F|  |TAMS 0x00000000e5900000, 0x00000000e5900000| Untracked 
|  90|0x00000000e5a00000, 0x00000000e5a00000, 0x00000000e5b00000|  0%| F|  |TAMS 0x00000000e5a00000, 0x00000000e5a00000| Untracked 
|  91|0x00000000e5b00000, 0x00000000e5b00000, 0x00000000e5c00000|  0%| F|  |TAMS 0x00000000e5b00000, 0x00000000e5b00000| Untracked 
|  92|0x00000000e5c00000, 0x00000000e5c00000, 0x00000000e5d00000|  0%| F|  |TAMS 0x00000000e5c00000, 0x00000000e5c00000| Untracked 
|  93|0x00000000e5d00000, 0x00000000e5d00000, 0x00000000e5e00000|  0%| F|  |TAMS 0x00000000e5d00000, 0x00000000e5d00000| Untracked 
|  94|0x00000000e5e00000, 0x00000000e5e00000, 0x00000000e5f00000|  0%| F|  |TAMS 0x00000000e5e00000, 0x00000000e5e00000| Untracked 
|  95|0x00000000e5f00000, 0x00000000e5f00000, 0x00000000e6000000|  0%| F|  |TAMS 0x00000000e5f00000, 0x00000000e5f00000| Untracked 
|  96|0x00000000e6000000, 0x00000000e6000000, 0x00000000e6100000|  0%| F|  |TAMS 0x00000000e6000000, 0x00000000e6000000| Untracked 
|  97|0x00000000e6100000, 0x00000000e6100000, 0x00000000e6200000|  0%| F|  |TAMS 0x00000000e6100000, 0x00000000e6100000| Untracked 
|  98|0x00000000e6200000, 0x00000000e6200000, 0x00000000e6300000|  0%| F|  |TAMS 0x00000000e6200000, 0x00000000e6200000| Untracked 
|  99|0x00000000e6300000, 0x00000000e6300000, 0x00000000e6400000|  0%| F|  |TAMS 0x00000000e6300000, 0x00000000e6300000| Untracked 
| 100|0x00000000e6400000, 0x00000000e6400000, 0x00000000e6500000|  0%| F|  |TAMS 0x00000000e6400000, 0x00000000e6400000| Untracked 
| 101|0x00000000e6500000, 0x00000000e6500000, 0x00000000e6600000|  0%| F|  |TAMS 0x00000000e6500000, 0x00000000e6500000| Untracked 
| 102|0x00000000e6600000, 0x00000000e6600000, 0x00000000e6700000|  0%| F|  |TAMS 0x00000000e6600000, 0x00000000e6600000| Untracked 
| 103|0x00000000e6700000, 0x00000000e6700000, 0x00000000e6800000|  0%| F|  |TAMS 0x00000000e6700000, 0x00000000e6700000| Untracked 
| 104|0x00000000e6800000, 0x00000000e6800000, 0x00000000e6900000|  0%| F|  |TAMS 0x00000000e6800000, 0x00000000e6800000| Untracked 
| 105|0x00000000e6900000, 0x00000000e6900000, 0x00000000e6a00000|  0%| F|  |TAMS 0x00000000e6900000, 0x00000000e6900000| Untracked 
| 106|0x00000000e6a00000, 0x00000000e6a00000, 0x00000000e6b00000|  0%| F|  |TAMS 0x00000000e6a00000, 0x00000000e6a00000| Untracked 
| 107|0x00000000e6b00000, 0x00000000e6b00000, 0x00000000e6c00000|  0%| F|  |TAMS 0x00000000e6b00000, 0x00000000e6b00000| Untracked 
| 108|0x00000000e6c00000, 0x00000000e6c00000, 0x00000000e6d00000|  0%| F|  |TAMS 0x00000000e6c00000, 0x00000000e6c00000| Untracked 
| 109|0x00000000e6d00000, 0x00000000e6d00000, 0x00000000e6e00000|  0%| F|  |TAMS 0x00000000e6d00000, 0x00000000e6d00000| Untracked 
| 110|0x00000000e6e00000, 0x00000000e6e00000, 0x00000000e6f00000|  0%| F|  |TAMS 0x00000000e6e00000, 0x00000000e6e00000| Untracked 
| 111|0x00000000e6f00000, 0x00000000e6f00000, 0x00000000e7000000|  0%| F|  |TAMS 0x00000000e6f00000, 0x00000000e6f00000| Untracked 
| 112|0x00000000e7000000, 0x00000000e7000000, 0x00000000e7100000|  0%| F|  |TAMS 0x00000000e7000000, 0x00000000e7000000| Untracked 
| 113|0x00000000e7100000, 0x00000000e7100000, 0x00000000e7200000|  0%| F|  |TAMS 0x00000000e7100000, 0x00000000e7100000| Untracked 
| 114|0x00000000e7200000, 0x00000000e7200000, 0x00000000e7300000|  0%| F|  |TAMS 0x00000000e7200000, 0x00000000e7200000| Untracked 
| 115|0x00000000e7300000, 0x00000000e7300000, 0x00000000e7400000|  0%| F|  |TAMS 0x00000000e7300000, 0x00000000e7300000| Untracked 
| 116|0x00000000e7400000, 0x00000000e7400000, 0x00000000e7500000|  0%| F|  |TAMS 0x00000000e7400000, 0x00000000e7400000| Untracked 
| 117|0x00000000e7500000, 0x00000000e7500000, 0x00000000e7600000|  0%| F|  |TAMS 0x00000000e7500000, 0x00000000e7500000| Untracked 
| 118|0x00000000e7600000, 0x00000000e7600000, 0x00000000e7700000|  0%| F|  |TAMS 0x00000000e7600000, 0x00000000e7600000| Untracked 
| 119|0x00000000e7700000, 0x00000000e7700000, 0x00000000e7800000|  0%| F|  |TAMS 0x00000000e7700000, 0x00000000e7700000| Untracked 
| 120|0x00000000e7800000, 0x00000000e7800000, 0x00000000e7900000|  0%| F|  |TAMS 0x00000000e7800000, 0x00000000e7800000| Untracked 
| 121|0x00000000e7900000, 0x00000000e7900000, 0x00000000e7a00000|  0%| F|  |TAMS 0x00000000e7900000, 0x00000000e7900000| Untracked 
| 122|0x00000000e7a00000, 0x00000000e7a00000, 0x00000000e7b00000|  0%| F|  |TAMS 0x00000000e7a00000, 0x00000000e7a00000| Untracked 
| 123|0x00000000e7b00000, 0x00000000e7b00000, 0x00000000e7c00000|  0%| F|  |TAMS 0x00000000e7b00000, 0x00000000e7b00000| Untracked 
| 124|0x00000000e7c00000, 0x00000000e7c00000, 0x00000000e7d00000|  0%| F|  |TAMS 0x00000000e7c00000, 0x00000000e7c00000| Untracked 
| 125|0x00000000e7d00000, 0x00000000e7e00000, 0x00000000e7e00000|100%| E|  |TAMS 0x00000000e7d00000, 0x00000000e7d00000| Complete 
| 126|0x00000000e7e00000, 0x00000000e7f00000, 0x00000000e7f00000|100%| E|CS|TAMS 0x00000000e7e00000, 0x00000000e7e00000| Complete 
| 127|0x00000000e7f00000, 0x00000000e8000000, 0x00000000e8000000|100%| E|CS|TAMS 0x00000000e7f00000, 0x00000000e7f00000| Complete 
| 128|0x00000000e8000000, 0x00000000e8100000, 0x00000000e8100000|100%| E|CS|TAMS 0x00000000e8000000, 0x00000000e8000000| Complete 
| 129|0x00000000e8100000, 0x00000000e8200000, 0x00000000e8200000|100%| E|CS|TAMS 0x00000000e8100000, 0x00000000e8100000| Complete 
| 130|0x00000000e8200000, 0x00000000e8300000, 0x00000000e8300000|100%| E|CS|TAMS 0x00000000e8200000, 0x00000000e8200000| Complete 
| 131|0x00000000e8300000, 0x00000000e8400000, 0x00000000e8400000|100%| E|CS|TAMS 0x00000000e8300000, 0x00000000e8300000| Complete 
| 132|0x00000000e8400000, 0x00000000e8500000, 0x00000000e8500000|100%| E|CS|TAMS 0x00000000e8400000, 0x00000000e8400000| Complete 
| 133|0x00000000e8500000, 0x00000000e8600000, 0x00000000e8600000|100%| E|CS|TAMS 0x00000000e8500000, 0x00000000e8500000| Complete 
| 134|0x00000000e8600000, 0x00000000e8700000, 0x00000000e8700000|100%| E|CS|TAMS 0x00000000e8600000, 0x00000000e8600000| Complete 
| 135|0x00000000e8700000, 0x00000000e8800000, 0x00000000e8800000|100%| E|CS|TAMS 0x00000000e8700000, 0x00000000e8700000| Complete 
| 136|0x00000000e8800000, 0x00000000e8900000, 0x00000000e8900000|100%| E|CS|TAMS 0x00000000e8800000, 0x00000000e8800000| Complete 
| 137|0x00000000e8900000, 0x00000000e8a00000, 0x00000000e8a00000|100%| E|CS|TAMS 0x00000000e8900000, 0x00000000e8900000| Complete 
| 138|0x00000000e8a00000, 0x00000000e8b00000, 0x00000000e8b00000|100%| E|CS|TAMS 0x00000000e8a00000, 0x00000000e8a00000| Complete 
| 139|0x00000000e8b00000, 0x00000000e8c00000, 0x00000000e8c00000|100%| E|CS|TAMS 0x00000000e8b00000, 0x00000000e8b00000| Complete 
| 140|0x00000000e8c00000, 0x00000000e8d00000, 0x00000000e8d00000|100%| E|CS|TAMS 0x00000000e8c00000, 0x00000000e8c00000| Complete 
| 141|0x00000000e8d00000, 0x00000000e8e00000, 0x00000000e8e00000|100%| E|CS|TAMS 0x00000000e8d00000, 0x00000000e8d00000| Complete 
| 142|0x00000000e8e00000, 0x00000000e8f00000, 0x00000000e8f00000|100%| E|CS|TAMS 0x00000000e8e00000, 0x00000000e8e00000| Complete 
| 143|0x00000000e8f00000, 0x00000000e9000000, 0x00000000e9000000|100%| S|CS|TAMS 0x00000000e8f00000, 0x00000000e8f00000| Complete 
| 144|0x00000000e9000000, 0x00000000e9100000, 0x00000000e9100000|100%| S|CS|TAMS 0x00000000e9000000, 0x00000000e9000000| Complete 
| 145|0x00000000e9100000, 0x00000000e9200000, 0x00000000e9200000|100%| S|CS|TAMS 0x00000000e9100000, 0x00000000e9100000| Complete 
| 146|0x00000000e9200000, 0x00000000e9300000, 0x00000000e9300000|100%| S|CS|TAMS 0x00000000e9200000, 0x00000000e9200000| Complete 
| 147|0x00000000e9300000, 0x00000000e9400000, 0x00000000e9400000|100%| S|CS|TAMS 0x00000000e9300000, 0x00000000e9300000| Complete 
| 148|0x00000000e9400000, 0x00000000e9500000, 0x00000000e9500000|100%| S|CS|TAMS 0x00000000e9400000, 0x00000000e9400000| Complete 
| 149|0x00000000e9500000, 0x00000000e9600000, 0x00000000e9600000|100%| S|CS|TAMS 0x00000000e9500000, 0x00000000e9500000| Complete 
| 150|0x00000000e9600000, 0x00000000e9700000, 0x00000000e9700000|100%| S|CS|TAMS 0x00000000e9600000, 0x00000000e9600000| Complete 
| 151|0x00000000e9700000, 0x00000000e9800000, 0x00000000e9800000|100%| S|CS|TAMS 0x00000000e9700000, 0x00000000e9700000| Complete 
| 152|0x00000000e9800000, 0x00000000e9900000, 0x00000000e9900000|100%| S|CS|TAMS 0x00000000e9800000, 0x00000000e9800000| Complete 
| 153|0x00000000e9900000, 0x00000000e9a00000, 0x00000000e9a00000|100%| S|CS|TAMS 0x00000000e9900000, 0x00000000e9900000| Complete 
| 154|0x00000000e9a00000, 0x00000000e9b00000, 0x00000000e9b00000|100%| E|CS|TAMS 0x00000000e9a00000, 0x00000000e9a00000| Complete 
| 155|0x00000000e9b00000, 0x00000000e9c00000, 0x00000000e9c00000|100%| E|CS|TAMS 0x00000000e9b00000, 0x00000000e9b00000| Complete 
| 156|0x00000000e9c00000, 0x00000000e9d00000, 0x00000000e9d00000|100%| E|CS|TAMS 0x00000000e9c00000, 0x00000000e9c00000| Complete 
| 157|0x00000000e9d00000, 0x00000000e9e00000, 0x00000000e9e00000|100%| E|CS|TAMS 0x00000000e9d00000, 0x00000000e9d00000| Complete 
| 158|0x00000000e9e00000, 0x00000000e9f00000, 0x00000000e9f00000|100%| E|CS|TAMS 0x00000000e9e00000, 0x00000000e9e00000| Complete 
| 159|0x00000000e9f00000, 0x00000000ea000000, 0x00000000ea000000|100%| E|CS|TAMS 0x00000000e9f00000, 0x00000000e9f00000| Complete 
| 160|0x00000000ea000000, 0x00000000ea100000, 0x00000000ea100000|100%| E|CS|TAMS 0x00000000ea000000, 0x00000000ea000000| Complete 
| 161|0x00000000ea100000, 0x00000000ea200000, 0x00000000ea200000|100%| E|CS|TAMS 0x00000000ea100000, 0x00000000ea100000| Complete 
| 162|0x00000000ea200000, 0x00000000ea300000, 0x00000000ea300000|100%| E|CS|TAMS 0x00000000ea200000, 0x00000000ea200000| Complete 
| 163|0x00000000ea300000, 0x00000000ea400000, 0x00000000ea400000|100%| E|CS|TAMS 0x00000000ea300000, 0x00000000ea300000| Complete 
| 164|0x00000000ea400000, 0x00000000ea500000, 0x00000000ea500000|100%| E|CS|TAMS 0x00000000ea400000, 0x00000000ea400000| Complete 
| 165|0x00000000ea500000, 0x00000000ea600000, 0x00000000ea600000|100%| E|CS|TAMS 0x00000000ea500000, 0x00000000ea500000| Complete 
| 166|0x00000000ea600000, 0x00000000ea700000, 0x00000000ea700000|100%| E|CS|TAMS 0x00000000ea600000, 0x00000000ea600000| Complete 
| 167|0x00000000ea700000, 0x00000000ea800000, 0x00000000ea800000|100%| E|CS|TAMS 0x00000000ea700000, 0x00000000ea700000| Complete 
| 168|0x00000000ea800000, 0x00000000ea900000, 0x00000000ea900000|100%| E|CS|TAMS 0x00000000ea800000, 0x00000000ea800000| Complete 
| 169|0x00000000ea900000, 0x00000000eaa00000, 0x00000000eaa00000|100%| E|CS|TAMS 0x00000000ea900000, 0x00000000ea900000| Complete 
| 170|0x00000000eaa00000, 0x00000000eab00000, 0x00000000eab00000|100%| E|CS|TAMS 0x00000000eaa00000, 0x00000000eaa00000| Complete 
| 171|0x00000000eab00000, 0x00000000eac00000, 0x00000000eac00000|100%| E|CS|TAMS 0x00000000eab00000, 0x00000000eab00000| Complete 
| 172|0x00000000eac00000, 0x00000000ead00000, 0x00000000ead00000|100%| E|CS|TAMS 0x00000000eac00000, 0x00000000eac00000| Complete 
| 173|0x00000000ead00000, 0x00000000eae00000, 0x00000000eae00000|100%| E|CS|TAMS 0x00000000ead00000, 0x00000000ead00000| Complete 
| 174|0x00000000eae00000, 0x00000000eaf00000, 0x00000000eaf00000|100%| E|CS|TAMS 0x00000000eae00000, 0x00000000eae00000| Complete 
| 175|0x00000000eaf00000, 0x00000000eb000000, 0x00000000eb000000|100%| E|CS|TAMS 0x00000000eaf00000, 0x00000000eaf00000| Complete 
| 176|0x00000000eb000000, 0x00000000eb100000, 0x00000000eb100000|100%| E|CS|TAMS 0x00000000eb000000, 0x00000000eb000000| Complete 
| 177|0x00000000eb100000, 0x00000000eb200000, 0x00000000eb200000|100%| E|CS|TAMS 0x00000000eb100000, 0x00000000eb100000| Complete 
| 178|0x00000000eb200000, 0x00000000eb300000, 0x00000000eb300000|100%| E|CS|TAMS 0x00000000eb200000, 0x00000000eb200000| Complete 
| 179|0x00000000eb300000, 0x00000000eb400000, 0x00000000eb400000|100%| E|CS|TAMS 0x00000000eb300000, 0x00000000eb300000| Complete 
| 180|0x00000000eb400000, 0x00000000eb500000, 0x00000000eb500000|100%| E|CS|TAMS 0x00000000eb400000, 0x00000000eb400000| Complete 
| 181|0x00000000eb500000, 0x00000000eb600000, 0x00000000eb600000|100%| E|CS|TAMS 0x00000000eb500000, 0x00000000eb500000| Complete 
| 182|0x00000000eb600000, 0x00000000eb700000, 0x00000000eb700000|100%| E|CS|TAMS 0x00000000eb600000, 0x00000000eb600000| Complete 
| 183|0x00000000eb700000, 0x00000000eb800000, 0x00000000eb800000|100%| E|CS|TAMS 0x00000000eb700000, 0x00000000eb700000| Complete 
| 184|0x00000000eb800000, 0x00000000eb900000, 0x00000000eb900000|100%| E|CS|TAMS 0x00000000eb800000, 0x00000000eb800000| Complete 
| 185|0x00000000eb900000, 0x00000000eba00000, 0x00000000eba00000|100%| E|CS|TAMS 0x00000000eb900000, 0x00000000eb900000| Complete 
| 186|0x00000000eba00000, 0x00000000ebb00000, 0x00000000ebb00000|100%| E|CS|TAMS 0x00000000eba00000, 0x00000000eba00000| Complete 
| 187|0x00000000ebb00000, 0x00000000ebc00000, 0x00000000ebc00000|100%| E|CS|TAMS 0x00000000ebb00000, 0x00000000ebb00000| Complete 
| 188|0x00000000ebc00000, 0x00000000ebd00000, 0x00000000ebd00000|100%| E|CS|TAMS 0x00000000ebc00000, 0x00000000ebc00000| Complete 
| 189|0x00000000ebd00000, 0x00000000ebe00000, 0x00000000ebe00000|100%| E|CS|TAMS 0x00000000ebd00000, 0x00000000ebd00000| Complete 
| 190|0x00000000ebe00000, 0x00000000ebf00000, 0x00000000ebf00000|100%| E|CS|TAMS 0x00000000ebe00000, 0x00000000ebe00000| Complete 
| 191|0x00000000ebf00000, 0x00000000ec000000, 0x00000000ec000000|100%| E|CS|TAMS 0x00000000ebf00000, 0x00000000ebf00000| Complete 
| 192|0x00000000ec000000, 0x00000000ec100000, 0x00000000ec100000|100%| E|CS|TAMS 0x00000000ec000000, 0x00000000ec000000| Complete 
| 193|0x00000000ec100000, 0x00000000ec200000, 0x00000000ec200000|100%| E|CS|TAMS 0x00000000ec100000, 0x00000000ec100000| Complete 
| 194|0x00000000ec200000, 0x00000000ec300000, 0x00000000ec300000|100%| E|CS|TAMS 0x00000000ec200000, 0x00000000ec200000| Complete 
| 195|0x00000000ec300000, 0x00000000ec400000, 0x00000000ec400000|100%| E|CS|TAMS 0x00000000ec300000, 0x00000000ec300000| Complete 
| 196|0x00000000ec400000, 0x00000000ec500000, 0x00000000ec500000|100%| E|CS|TAMS 0x00000000ec400000, 0x00000000ec400000| Complete 
| 197|0x00000000ec500000, 0x00000000ec600000, 0x00000000ec600000|100%| E|CS|TAMS 0x00000000ec500000, 0x00000000ec500000| Complete 
| 198|0x00000000ec600000, 0x00000000ec700000, 0x00000000ec700000|100%| E|CS|TAMS 0x00000000ec600000, 0x00000000ec600000| Complete 
| 199|0x00000000ec700000, 0x00000000ec800000, 0x00000000ec800000|100%| E|CS|TAMS 0x00000000ec700000, 0x00000000ec700000| Complete 
| 200|0x00000000ec800000, 0x00000000ec900000, 0x00000000ec900000|100%| E|CS|TAMS 0x00000000ec800000, 0x00000000ec800000| Complete 
| 201|0x00000000ec900000, 0x00000000eca00000, 0x00000000eca00000|100%| E|CS|TAMS 0x00000000ec900000, 0x00000000ec900000| Complete 
| 202|0x00000000eca00000, 0x00000000ecb00000, 0x00000000ecb00000|100%| E|CS|TAMS 0x00000000eca00000, 0x00000000eca00000| Complete 
| 203|0x00000000ecb00000, 0x00000000ecc00000, 0x00000000ecc00000|100%| E|CS|TAMS 0x00000000ecb00000, 0x00000000ecb00000| Complete 
| 204|0x00000000ecc00000, 0x00000000ecd00000, 0x00000000ecd00000|100%| E|CS|TAMS 0x00000000ecc00000, 0x00000000ecc00000| Complete 
| 205|0x00000000ecd00000, 0x00000000ece00000, 0x00000000ece00000|100%| E|CS|TAMS 0x00000000ecd00000, 0x00000000ecd00000| Complete 
| 206|0x00000000ece00000, 0x00000000ecf00000, 0x00000000ecf00000|100%| E|CS|TAMS 0x00000000ece00000, 0x00000000ece00000| Complete 
| 207|0x00000000ecf00000, 0x00000000ed000000, 0x00000000ed000000|100%| E|CS|TAMS 0x00000000ecf00000, 0x00000000ecf00000| Complete 
| 208|0x00000000ed000000, 0x00000000ed100000, 0x00000000ed100000|100%| E|CS|TAMS 0x00000000ed000000, 0x00000000ed000000| Complete 
| 209|0x00000000ed100000, 0x00000000ed200000, 0x00000000ed200000|100%| E|CS|TAMS 0x00000000ed100000, 0x00000000ed100000| Complete 
| 210|0x00000000ed200000, 0x00000000ed300000, 0x00000000ed300000|100%| E|CS|TAMS 0x00000000ed200000, 0x00000000ed200000| Complete 
| 211|0x00000000ed300000, 0x00000000ed400000, 0x00000000ed400000|100%| E|CS|TAMS 0x00000000ed300000, 0x00000000ed300000| Complete 
| 212|0x00000000ed400000, 0x00000000ed500000, 0x00000000ed500000|100%| E|CS|TAMS 0x00000000ed400000, 0x00000000ed400000| Complete 
| 213|0x00000000ed500000, 0x00000000ed600000, 0x00000000ed600000|100%| E|CS|TAMS 0x00000000ed500000, 0x00000000ed500000| Complete 
| 214|0x00000000ed600000, 0x00000000ed700000, 0x00000000ed700000|100%| E|CS|TAMS 0x00000000ed600000, 0x00000000ed600000| Complete 
| 215|0x00000000ed700000, 0x00000000ed800000, 0x00000000ed800000|100%| E|CS|TAMS 0x00000000ed700000, 0x00000000ed700000| Complete 
| 216|0x00000000ed800000, 0x00000000ed900000, 0x00000000ed900000|100%| E|CS|TAMS 0x00000000ed800000, 0x00000000ed800000| Complete 
| 217|0x00000000ed900000, 0x00000000eda00000, 0x00000000eda00000|100%| E|CS|TAMS 0x00000000ed900000, 0x00000000ed900000| Complete 
| 218|0x00000000eda00000, 0x00000000edb00000, 0x00000000edb00000|100%| E|CS|TAMS 0x00000000eda00000, 0x00000000eda00000| Complete 
| 219|0x00000000edb00000, 0x00000000edc00000, 0x00000000edc00000|100%| E|CS|TAMS 0x00000000edb00000, 0x00000000edb00000| Complete 
| 220|0x00000000edc00000, 0x00000000edd00000, 0x00000000edd00000|100%| E|CS|TAMS 0x00000000edc00000, 0x00000000edc00000| Complete 
| 221|0x00000000edd00000, 0x00000000ede00000, 0x00000000ede00000|100%| E|CS|TAMS 0x00000000edd00000, 0x00000000edd00000| Complete 
| 222|0x00000000ede00000, 0x00000000edf00000, 0x00000000edf00000|100%| E|CS|TAMS 0x00000000ede00000, 0x00000000ede00000| Complete 
| 223|0x00000000edf00000, 0x00000000ee000000, 0x00000000ee000000|100%| E|CS|TAMS 0x00000000edf00000, 0x00000000edf00000| Complete 
| 224|0x00000000ee000000, 0x00000000ee100000, 0x00000000ee100000|100%| E|CS|TAMS 0x00000000ee000000, 0x00000000ee000000| Complete 
| 225|0x00000000ee100000, 0x00000000ee200000, 0x00000000ee200000|100%| E|CS|TAMS 0x00000000ee100000, 0x00000000ee100000| Complete 
| 226|0x00000000ee200000, 0x00000000ee300000, 0x00000000ee300000|100%| E|CS|TAMS 0x00000000ee200000, 0x00000000ee200000| Complete 
| 227|0x00000000ee300000, 0x00000000ee400000, 0x00000000ee400000|100%| E|CS|TAMS 0x00000000ee300000, 0x00000000ee300000| Complete 
| 228|0x00000000ee400000, 0x00000000ee500000, 0x00000000ee500000|100%| E|CS|TAMS 0x00000000ee400000, 0x00000000ee400000| Complete 
| 229|0x00000000ee500000, 0x00000000ee600000, 0x00000000ee600000|100%| E|CS|TAMS 0x00000000ee500000, 0x00000000ee500000| Complete 
| 230|0x00000000ee600000, 0x00000000ee700000, 0x00000000ee700000|100%| E|CS|TAMS 0x00000000ee600000, 0x00000000ee600000| Complete 
| 231|0x00000000ee700000, 0x00000000ee800000, 0x00000000ee800000|100%| E|CS|TAMS 0x00000000ee700000, 0x00000000ee700000| Complete 
| 232|0x00000000ee800000, 0x00000000ee900000, 0x00000000ee900000|100%| E|CS|TAMS 0x00000000ee800000, 0x00000000ee800000| Complete 
| 233|0x00000000ee900000, 0x00000000eea00000, 0x00000000eea00000|100%| E|CS|TAMS 0x00000000ee900000, 0x00000000ee900000| Complete 
| 234|0x00000000eea00000, 0x00000000eeb00000, 0x00000000eeb00000|100%| E|CS|TAMS 0x00000000eea00000, 0x00000000eea00000| Complete 
| 235|0x00000000eeb00000, 0x00000000eec00000, 0x00000000eec00000|100%| E|CS|TAMS 0x00000000eeb00000, 0x00000000eeb00000| Complete 
| 236|0x00000000eec00000, 0x00000000eed00000, 0x00000000eed00000|100%| E|CS|TAMS 0x00000000eec00000, 0x00000000eec00000| Complete 
| 237|0x00000000eed00000, 0x00000000eee00000, 0x00000000eee00000|100%| E|CS|TAMS 0x00000000eed00000, 0x00000000eed00000| Complete 
| 238|0x00000000eee00000, 0x00000000eef00000, 0x00000000eef00000|100%| E|CS|TAMS 0x00000000eee00000, 0x00000000eee00000| Complete 
| 239|0x00000000eef00000, 0x00000000ef000000, 0x00000000ef000000|100%| E|CS|TAMS 0x00000000eef00000, 0x00000000eef00000| Complete 
| 240|0x00000000ef000000, 0x00000000ef100000, 0x00000000ef100000|100%| E|CS|TAMS 0x00000000ef000000, 0x00000000ef000000| Complete 
| 241|0x00000000ef100000, 0x00000000ef200000, 0x00000000ef200000|100%| E|CS|TAMS 0x00000000ef100000, 0x00000000ef100000| Complete 
| 242|0x00000000ef200000, 0x00000000ef300000, 0x00000000ef300000|100%| E|CS|TAMS 0x00000000ef200000, 0x00000000ef200000| Complete 
| 243|0x00000000ef300000, 0x00000000ef400000, 0x00000000ef400000|100%| E|CS|TAMS 0x00000000ef300000, 0x00000000ef300000| Complete 
| 244|0x00000000ef400000, 0x00000000ef500000, 0x00000000ef500000|100%| E|CS|TAMS 0x00000000ef400000, 0x00000000ef400000| Complete 
| 245|0x00000000ef500000, 0x00000000ef600000, 0x00000000ef600000|100%| E|CS|TAMS 0x00000000ef500000, 0x00000000ef500000| Complete 
| 246|0x00000000ef600000, 0x00000000ef700000, 0x00000000ef700000|100%| E|CS|TAMS 0x00000000ef600000, 0x00000000ef600000| Complete 
| 247|0x00000000ef700000, 0x00000000ef800000, 0x00000000ef800000|100%| E|CS|TAMS 0x00000000ef700000, 0x00000000ef700000| Complete 
| 248|0x00000000ef800000, 0x00000000ef900000, 0x00000000ef900000|100%| E|CS|TAMS 0x00000000ef800000, 0x00000000ef800000| Complete 
| 249|0x00000000ef900000, 0x00000000efa00000, 0x00000000efa00000|100%| E|CS|TAMS 0x00000000ef900000, 0x00000000ef900000| Complete 
| 250|0x00000000efa00000, 0x00000000efb00000, 0x00000000efb00000|100%| E|CS|TAMS 0x00000000efa00000, 0x00000000efa00000| Complete 
| 251|0x00000000efb00000, 0x00000000efc00000, 0x00000000efc00000|100%| E|CS|TAMS 0x00000000efb00000, 0x00000000efb00000| Complete 
| 254|0x00000000efe00000, 0x00000000eff00000, 0x00000000eff00000|100%| E|CS|TAMS 0x00000000efe00000, 0x00000000efe00000| Complete 
| 255|0x00000000eff00000, 0x00000000f0000000, 0x00000000f0000000|100%| E|CS|TAMS 0x00000000eff00000, 0x00000000eff00000| Complete 
| 510|0x00000000ffe00000, 0x00000000ffe75000, 0x00000000fff00000| 45%|OA|  |TAMS 0x00000000ffe75000, 0x00000000ffe00000| Untracked 
| 511|0x00000000fff00000, 0x00000000fff78000, 0x0000000100000000| 46%|CA|  |TAMS 0x00000000fff78000, 0x00000000fff00000| Untracked 

Card table byte_map: [0x00007f99813d2000,0x00007f99814d2000] _byte_map_base: 0x00007f9980cd2000

Marking Bits (Prev, Next): (CMBitMap*) 0x00007f997c049090, (CMBitMap*) 0x00007f997c0490d0
 Prev Bits: [0x00007f9980ad2000, 0x00007f99812d2000)
 Next Bits: [0x00007f99802d2000, 0x00007f9980ad2000)

Polling page: 0x00007f9983395000

Metaspace:

Usage:
  Non-class:     46.61 MB used.
      Class:      7.73 MB used.
       Both:     54.34 MB used.

Virtual space:
  Non-class space:       64.00 MB reserved,      46.88 MB ( 73%) committed,  1 nodes.
      Class space:      320.00 MB reserved,       8.00 MB (  2%) committed,  1 nodes.
             Both:      384.00 MB reserved,      54.88 MB ( 14%) committed. 

Chunk freelists:
   Non-Class:  816.00 KB
       Class:  7.95 MB
        Both:  8.75 MB

MaxMetaspaceSize: 384.00 MB
CompressedClassSpaceSize: 320.00 MB
Initial GC threshold: 21.00 MB
Current GC threshold: 59.50 MB
CDS: on
MetaspaceReclaimPolicy: balanced
 - commit_granule_bytes: 65536.
 - commit_granule_words: 8192.
 - virtual_space_node_default_size: 8388608.
 - enlarge_chunks_in_place: 1.
 - new_chunks_are_fully_committed: 0.
 - uncommit_free_chunks: 1.
 - use_allocation_guard: 0.
 - handle_deallocations: 1.


Internal statistics:

num_allocs_failed_limit: 6.
num_arena_births: 776.
num_arena_deaths: 0.
num_vsnodes_births: 2.
num_vsnodes_deaths: 0.
num_space_committed: 878.
num_space_uncommitted: 0.
num_chunks_returned_to_freelist: 6.
num_chunks_taken_from_freelist: 3041.
num_chunk_merges: 3.
num_chunk_splits: 2022.
num_chunks_enlarged: 1379.
num_inconsistent_stats: 0.

CodeHeap 'non-profiled nmethods': size=120036Kb used=2442Kb max_used=2975Kb free=117593Kb
 bounds [0x00007f996cfd8000, 0x00007f996d2c8000, 0x00007f9974511000]
CodeHeap 'profiled nmethods': size=120032Kb used=9451Kb max_used=11739Kb free=110580Kb
 bounds [0x00007f9965511000, 0x00007f9966091000, 0x00007f996ca49000]
CodeHeap 'non-nmethods': size=5692Kb used=1666Kb max_used=1730Kb free=4026Kb
 bounds [0x00007f996ca49000, 0x00007f996ccb9000, 0x00007f996cfd8000]
 total_blobs=6444 nmethods=5701 adapters=656
 compilation: enabled
              stopped_count=0, restarted_count=0
 full_count=0

Compilation events (20 events):
Event: 23.183 Thread 0x00007f997c136620 6769       4       java.util.concurrent.locks.ReentrantLock$NonfairSync::initialTryLock (58 bytes)
Event: 23.294 Thread 0x00007f997c136620 nmethod 6769 0x00007f996d081c10 code [0x00007f996d081da0, 0x00007f996d081f58]
Event: 23.306 Thread 0x00007f997c136620 6768       4       org.gradle.model.internal.asm.MethodVisitorScope::_ALOAD (8 bytes)
Event: 23.800 Thread 0x00007f997c136620 nmethod 6768 0x00007f996d0f5390 code [0x00007f996d0f5560, 0x00007f996d0f5928]
Event: 23.875 Thread 0x00007f997c136620 6765       4       java.util.concurrent.locks.AbstractQueuedSynchronizer$ConditionObject::canReacquire (38 bytes)
Event: 24.104 Thread 0x00007f997c137b50 6770       3       org.gradle.internal.instantiation.generator.AbstractClassGenerator$ClassMetadata::property (42 bytes)
Event: 24.410 Thread 0x00007f997c136620 nmethod 6765 0x00007f996d22eb90 code [0x00007f996d22ed20, 0x00007f996d22edd8]
Event: 24.410 Thread 0x00007f997c137b50 nmethod 6770 0x00007f99655d3e10 code [0x00007f99655d4000, 0x00007f99655d4500]
Event: 24.470 Thread 0x00007f997c136620 6772       4       java.util.LinkedHashMap$LinkedValues::iterator (12 bytes)
Event: 24.470 Thread 0x00007f997c137b50 6771       3       javax.management.ObjectName::setCanonicalName (251 bytes)
Event: 24.591 Thread 0x00007f997c137b50 nmethod 6771 0x00007f9965d64c10 code [0x00007f9965d64ea0, 0x00007f9965d65e60]
Event: 24.871 Thread 0x00007f997c137b50 6773       3       org.gradle.internal.reflect.MutableClassDetails::property (41 bytes)
Event: 25.496 Thread 0x00007f997c137b50 nmethod 6773 0x00007f9965533790 code [0x00007f9965533a00, 0x00007f9965534710]
Event: 25.504 Thread 0x00007f997c137b50 6776       3       org.objectweb.asm.MethodWriter::visitLdcInsn (215 bytes)
Event: 25.682 Thread 0x00007f997c137b50 nmethod 6776 0x00007f9965566810 code [0x00007f9965566a80, 0x00007f9965567500]
Event: 25.801 Thread 0x00007f997c136620 nmethod 6772 0x00007f996d14a710 code [0x00007f996d14a8a0, 0x00007f996d14aa78]
Event: 25.806 Thread 0x00007f997c136620 6779       4       jdk.internal.org.objectweb.asm.ClassReader::<init> (371 bytes)
Event: 25.976 Thread 0x00007f997c137b50 6780       3       org.gradle.internal.instantiation.generator.Jsr330ConstructorSelector::forType (32 bytes)
Event: 26.883 Thread 0x00007f997c137b50 nmethod 6780 0x00007f996583ac10 code [0x00007f996583ae40, 0x00007f996583b850]
Event: 26.897 Thread 0x00007f997c137b50 6782       3       org.gradle.internal.instantiation.generator.Jsr330ConstructorSelector$CachedConstructor::getConstructor (17 bytes)

GC Heap History (16 events):
Event: 0.416 GC heap before
{Heap before GC invocations=0 (full 0):
 garbage-first heap   total 264192K, used 13236K [0x00000000e0000000, 0x0000000100000000)
  region size 1024K, 12 young (12288K), 0 survivors (0K)
 Metaspace       used 1196K, committed 1280K, reserved 393216K
  class space    used 101K, committed 128K, reserved 327680K
}
Event: 0.473 GC heap after
{Heap after GC invocations=1 (full 0):
 garbage-first heap   total 264192K, used 5679K [0x00000000e0000000, 0x0000000100000000)
  region size 1024K, 2 young (2048K), 2 survivors (2048K)
 Metaspace       used 1196K, committed 1280K, reserved 393216K
  class space    used 101K, committed 128K, reserved 327680K
}
Event: 0.899 GC heap before
{Heap before GC invocations=1 (full 0):
 garbage-first heap   total 264192K, used 20015K [0x00000000e0000000, 0x0000000100000000)
  region size 1024K, 12 young (12288K), 2 survivors (2048K)
 Metaspace       used 3534K, committed 3712K, reserved 393216K
  class space    used 458K, committed 576K, reserved 327680K
}
Event: 0.905 GC heap after
{Heap after GC invocations=2 (full 0):
 garbage-first heap   total 264192K, used 11740K [0x00000000e0000000, 0x0000000100000000)
  region size 1024K, 2 young (2048K), 2 survivors (2048K)
 Metaspace       used 3534K, committed 3712K, reserved 393216K
  class space    used 458K, committed 576K, reserved 327680K
}
Event: 1.296 GC heap before
{Heap before GC invocations=2 (full 0):
 garbage-first heap   total 264192K, used 21980K [0x00000000e0000000, 0x0000000100000000)
  region size 1024K, 12 young (12288K), 2 survivors (2048K)
 Metaspace       used 4627K, committed 4800K, reserved 393216K
  class space    used 592K, committed 704K, reserved 327680K
}
Event: 1.300 GC heap after
{Heap after GC invocations=3 (full 0):
 garbage-first heap   total 264192K, used 12607K [0x00000000e0000000, 0x0000000100000000)
  region size 1024K, 1 young (1024K), 1 survivors (1024K)
 Metaspace       used 4627K, committed 4800K, reserved 393216K
  class space    used 592K, committed 704K, reserved 327680K
}
Event: 1.892 GC heap before
{Heap before GC invocations=3 (full 0):
 garbage-first heap   total 264192K, used 34111K [0x00000000e0000000, 0x0000000100000000)
  region size 1024K, 20 young (20480K), 1 survivors (1024K)
 Metaspace       used 5386K, committed 5568K, reserved 393216K
  class space    used 712K, committed 832K, reserved 327680K
}
Event: 1.901 GC heap after
{Heap after GC invocations=4 (full 0):
 garbage-first heap   total 264192K, used 17759K [0x00000000e0000000, 0x0000000100000000)
  region size 1024K, 3 young (3072K), 3 survivors (3072K)
 Metaspace       used 5386K, committed 5568K, reserved 393216K
  class space    used 712K, committed 832K, reserved 327680K
}
Event: 4.726 GC heap before
{Heap before GC invocations=4 (full 0):
 garbage-first heap   total 264192K, used 108895K [0x00000000e0000000, 0x0000000100000000)
  region size 1024K, 92 young (94208K), 3 survivors (3072K)
 Metaspace       used 21206K, committed 21504K, reserved 393216K
  class space    used 2962K, committed 3136K, reserved 327680K
}
Event: 4.774 GC heap after
{Heap after GC invocations=5 (full 0):
 garbage-first heap   total 264192K, used 23873K [0x00000000e0000000, 0x0000000100000000)
  region size 1024K, 9 young (9216K), 9 survivors (9216K)
 Metaspace       used 21206K, committed 21504K, reserved 393216K
  class space    used 2962K, committed 3136K, reserved 327680K
}
Event: 6.377 GC heap before
{Heap before GC invocations=6 (full 0):
 garbage-first heap   total 262144K, used 81217K [0x00000000e0000000, 0x0000000100000000)
  region size 1024K, 65 young (66560K), 9 survivors (9216K)
 Metaspace       used 28260K, committed 28608K, reserved 393216K
  class space    used 4056K, committed 4224K, reserved 327680K
}
Event: 6.394 GC heap after
{Heap after GC invocations=7 (full 0):
 garbage-first heap   total 262144K, used 26417K [0x00000000e0000000, 0x0000000100000000)
  region size 1024K, 3 young (3072K), 3 survivors (3072K)
 Metaspace       used 28260K, committed 28608K, reserved 393216K
  class space    used 4056K, committed 4224K, reserved 327680K
}
Event: 8.404 GC heap before
{Heap before GC invocations=7 (full 0):
 garbage-first heap   total 262144K, used 80689K [0x00000000e0000000, 0x0000000100000000)
  region size 1024K, 58 young (59392K), 3 survivors (3072K)
 Metaspace       used 35907K, committed 36288K, reserved 393216K
  class space    used 5091K, committed 5248K, reserved 327680K
}
Event: 8.471 GC heap after
{Heap after GC invocations=8 (full 0):
 garbage-first heap   total 262144K, used 30182K [0x00000000e0000000, 0x0000000100000000)
  region size 1024K, 7 young (7168K), 7 survivors (7168K)
 Metaspace       used 35907K, committed 36288K, reserved 393216K
  class space    used 5091K, committed 5248K, reserved 327680K
}
Event: 12.711 GC heap before
{Heap before GC invocations=9 (full 0):
 garbage-first heap   total 262144K, used 124390K [0x00000000e0000000, 0x0000000100000000)
  region size 1024K, 100 young (102400K), 7 survivors (7168K)
 Metaspace       used 43516K, committed 44032K, reserved 393216K
  class space    used 6222K, committed 6464K, reserved 327680K
}
Event: 12.793 GC heap after
{Heap after GC invocations=10 (full 0):
 garbage-first heap   total 262144K, used 34609K [0x00000000e0000000, 0x0000000100000000)
  region size 1024K, 11 young (11264K), 11 survivors (11264K)
 Metaspace       used 43516K, committed 44032K, reserved 393216K
  class space    used 6222K, committed 6464K, reserved 327680K
}

Dll operation events (14 events):
Event: 0.003 Loaded shared library /usr/lib/jvm/java-17-openjdk-amd64/lib/libjava.so
Event: 0.034 Loaded shared library /usr/lib/jvm/java-17-openjdk-amd64/lib/libjsvml.so
Event: 0.110 Loaded shared library /usr/lib/jvm/java-17-openjdk-amd64/lib/libzip.so
Event: 0.111 Loaded shared library /usr/lib/jvm/java-17-openjdk-amd64/lib/libinstrument.so
Event: 0.113 Loaded shared library /usr/lib/jvm/java-17-openjdk-amd64/lib/libnio.so
Event: 0.115 Loaded shared library /usr/lib/jvm/java-17-openjdk-amd64/lib/libzip.so
Event: 0.216 Loaded shared library /usr/lib/jvm/java-17-openjdk-amd64/lib/libjimage.so
Event: 0.516 Loaded shared library /usr/lib/jvm/java-17-openjdk-amd64/lib/libverify.so
Event: 0.595 Loaded shared library /usr/lib/jvm/java-17-openjdk-amd64/lib/libnet.so
Event: 0.597 Loaded shared library /root/.gradle/native/660c5614fbf4a5f2a75b1949f50a0caf5cd603558e7d8a26e50b933a0cfb79d1/linux-amd64/libnative-platform.so
Event: 0.609 Loaded shared library /root/.gradle/native/0.2.8/x86_64-linux-gnu/libgradle-fileevents.so
Event: 2.024 Loaded shared library /usr/lib/jvm/java-17-openjdk-amd64/lib/libmanagement.so
Event: 2.025 Loaded shared library /usr/lib/jvm/java-17-openjdk-amd64/lib/libmanagement_ext.so
Event: 2.195 Loaded shared library /usr/lib/jvm/java-17-openjdk-amd64/lib/libextnet.so

Deoptimization events (20 events):
Event: 15.416 Thread 0x00007f9924009dd0 Uncommon trap: trap_request=0xffffff45 fr.pc=0x00007f996d247490 relative=0x00000000000014d0
Event: 15.416 Thread 0x00007f9924009dd0 Uncommon trap: reason=unstable_if action=reinterpret pc=0x00007f996d247490 method=java.util.concurrent.ConcurrentHashMap.putVal(Ljava/lang/Object;Ljava/lang/Object;Z)Ljava/lang/Object; @ 245 c2
Event: 15.416 Thread 0x00007f9924009dd0 DEOPT PACKING pc=0x00007f996d247490 sp=0x00007f99555eeaa0
Event: 15.416 Thread 0x00007f9924009dd0 DEOPT UNPACKING pc=0x00007f996caa2b19 sp=0x00007f99555eea28 mode 2
Event: 15.418 Thread 0x00007f9924009dd0 Uncommon trap: trap_request=0xffffffc6 fr.pc=0x00007f996d230350 relative=0x0000000000001550
Event: 15.418 Thread 0x00007f9924009dd0 Uncommon trap: reason=bimorphic_or_optimized_type_check action=maybe_recompile pc=0x00007f996d230350 method=java.io.DataInputStream.readInt()I @ 6 c2
Event: 15.418 Thread 0x00007f9924009dd0 DEOPT PACKING pc=0x00007f996d230350 sp=0x00007f99555ef2a0
Event: 15.418 Thread 0x00007f9924009dd0 DEOPT UNPACKING pc=0x00007f996caa2b19 sp=0x00007f99555ef268 mode 2
Event: 15.418 Thread 0x00007f9924009dd0 Uncommon trap: trap_request=0xffffffc6 fr.pc=0x00007f996d230350 relative=0x0000000000001550
Event: 15.418 Thread 0x00007f9924009dd0 Uncommon trap: reason=bimorphic_or_optimized_type_check action=maybe_recompile pc=0x00007f996d230350 method=java.io.DataInputStream.readInt()I @ 6 c2
Event: 15.418 Thread 0x00007f9924009dd0 DEOPT PACKING pc=0x00007f996d230350 sp=0x00007f99555ef2a0
Event: 15.418 Thread 0x00007f9924009dd0 DEOPT UNPACKING pc=0x00007f996caa2b19 sp=0x00007f99555ef268 mode 2
Event: 15.418 Thread 0x00007f9924009dd0 Uncommon trap: trap_request=0xffffffc6 fr.pc=0x00007f996d230350 relative=0x0000000000001550
Event: 15.418 Thread 0x00007f9924009dd0 Uncommon trap: reason=bimorphic_or_optimized_type_check action=maybe_recompile pc=0x00007f996d230350 method=java.io.DataInputStream.readInt()I @ 6 c2
Event: 15.418 Thread 0x00007f9924009dd0 DEOPT PACKING pc=0x00007f996d230350 sp=0x00007f99555ef2a0
Event: 15.418 Thread 0x00007f9924009dd0 DEOPT UNPACKING pc=0x00007f996caa2b19 sp=0x00007f99555ef268 mode 2
Event: 16.275 Thread 0x00007f9924009dd0 DEOPT PACKING pc=0x00007f9965b17d6e sp=0x00007f99555f0230
Event: 16.275 Thread 0x00007f9924009dd0 DEOPT UNPACKING pc=0x00007f996caa364f sp=0x00007f99555ef730 mode 0
Event: 18.692 Thread 0x00007f9924009dd0 DEOPT PACKING pc=0x00007f9965853a8b sp=0x00007f99555ee030
Event: 18.692 Thread 0x00007f9924009dd0 DEOPT UNPACKING pc=0x00007f996caa364f sp=0x00007f99555ed4c0 mode 0

Classes loaded (20 events):
Event: 16.971 Loading class jdk/xml/internal/XMLSecurityManager$Processor
Event: 16.971 Loading class jdk/xml/internal/XMLSecurityManager$Processor done
Event: 16.972 Loading class jdk/xml/internal/XMLSecurityManager$NameMap
Event: 16.972 Loading class jdk/xml/internal/XMLSecurityManager$NameMap done
Event: 16.973 Loading class com/sun/org/apache/xerces/internal/utils/XMLSecurityPropertyManager
Event: 16.973 Loading class com/sun/org/apache/xerces/internal/utils/XMLSecurityPropertyManager done
Event: 16.973 Loading class com/sun/org/apache/xerces/internal/utils/XMLSecurityPropertyManager$State
Event: 16.974 Loading class com/sun/org/apache/xerces/internal/utils/XMLSecurityPropertyManager$State done
Event: 16.974 Loading class com/sun/org/apache/xerces/internal/utils/XMLSecurityPropertyManager$Property
Event: 16.974 Loading class com/sun/org/apache/xerces/internal/utils/XMLSecurityPropertyManager$Property done
Event: 16.977 Loading class javax/xml/parsers/DocumentBuilderFactory
Event: 16.979 Loading class javax/xml/parsers/DocumentBuilderFactory done
Event: 16.979 Loading class javax/xml/parsers/FactoryFinder
Event: 16.989 Loading class javax/xml/parsers/FactoryFinder done
Event: 16.993 Loading class javax/xml/parsers/FactoryFinder$1
Event: 16.995 Loading class javax/xml/parsers/FactoryFinder$1 done
Event: 17.073 Loading class com/sun/org/apache/xerces/internal/jaxp/DocumentBuilderFactoryImpl
Event: 17.076 Loading class com/sun/org/apache/xerces/internal/jaxp/DocumentBuilderFactoryImpl done
Event: 17.886 Loading class java/util/regex/Pattern$SliceI
Event: 17.902 Loading class java/util/regex/Pattern$SliceI done

Classes unloaded (0 events):
No events

Classes redefined (0 events):
No events

Internal exceptions (20 events):
Event: 14.278 Thread 0x00007f9924009dd0 Exception <a 'java/lang/NoSuchMethodError'{0x00000000ecc04f28}: static Lorg/jetbrains/kotlin/gradle/plugin/internal/DefaultSourceSetCompatibilityHelperVariantFactory;.<clinit>()V> (0x00000000ecc04f28) 
thrown [./src/hotspot/share/prims/jni.cpp, line 1112]
Event: 14.279 Thread 0x00007f9924009dd0 Exception <a 'java/lang/NoSuchMethodError'{0x00000000ecc2a300}: static Lorg/jetbrains/kotlin/gradle/plugin/internal/DefaultArtifactTypeAttributeAccessorVariantFactory;.<clinit>()V> (0x00000000ecc2a300) 
thrown [./src/hotspot/share/prims/jni.cpp, line 1112]
Event: 14.283 Thread 0x00007f9924009dd0 Exception <a 'java/lang/NoSuchMethodError'{0x00000000ecc4f6c0}: static Lorg/jetbrains/kotlin/gradle/plugin/internal/DefaultCompatibilityConventionRegistrar$Factory;.<clinit>()V> (0x00000000ecc4f6c0) 
thrown [./src/hotspot/share/prims/jni.cpp, line 1112]
Event: 14.284 Thread 0x00007f9924009dd0 Exception <a 'java/lang/NoSuchMethodError'{0x00000000ecc6c758}: static Lorg/jetbrains/kotlin/gradle/plugin/internal/DefaultJavaSourceSetsAccessorVariantFactory;.<clinit>()V> (0x00000000ecc6c758) 
thrown [./src/hotspot/share/prims/jni.cpp, line 1112]
Event: 14.285 Thread 0x00007f9924009dd0 Exception <a 'java/lang/NoSuchMethodError'{0x00000000ecc88940}: static Lorg/jetbrains/kotlin/gradle/plugin/internal/DefaultIdeaSyncDetectorVariantFactory;.<clinit>()V> (0x00000000ecc88940) 
thrown [./src/hotspot/share/prims/jni.cpp, line 1112]
Event: 14.286 Thread 0x00007f9924009dd0 Exception <a 'java/lang/NoSuchMethodError'{0x00000000ecca7740}: static Lorg/jetbrains/kotlin/gradle/plugin/internal/DefaultKotlinTestReportCompatibilityHelperVariantFactory;.<clinit>()V> (0x00000000ecca7740) 
thrown [./src/hotspot/share/prims/jni.cpp, line 1112]
Event: 14.287 Thread 0x00007f9924009dd0 Exception <a 'java/lang/NoSuchMethodError'{0x00000000eccc40d8}: static Lorg/jetbrains/kotlin/gradle/plugin/internal/DefaultMppTestReportHelperVariantFactory;.<clinit>()V> (0x00000000eccc40d8) 
thrown [./src/hotspot/share/prims/jni.cpp, line 1112]
Event: 14.288 Thread 0x00007f9924009dd0 Exception <a 'java/lang/NoSuchMethodError'{0x00000000eccdfa68}: static Lorg/jetbrains/kotlin/gradle/plugin/internal/DefaultConfigurationCacheStartParameterAccessorVariantFactory;.<clinit>()V> (0x00000000eccdfa68) 
thrown [./src/hotspot/share/prims/jni.cpp, line 1112]
Event: 14.289 Thread 0x00007f9924009dd0 Exception <a 'java/lang/NoSuchMethodError'{0x00000000eccfc908}: static Lorg/jetbrains/kotlin/gradle/plugin/internal/MavenPluginConfigurator$DefaultMavenPluginConfiguratorVariantFactory;.<clinit>()V> (0x00000000eccfc908) 
thrown [./src/hotspot/share/prims/jni.cpp, line 1112]
Event: 14.291 Thread 0x00007f9924009dd0 Exception <a 'java/lang/NoSuchMethodError'{0x00000000ecb18680}: static Lorg/jetbrains/kotlin/gradle/targets/js/nodejs/DefaultUnameExecutorVariantFactory;.<clinit>()V> (0x00000000ecb18680) 
thrown [./src/hotspot/share/prims/jni.cpp, line 1112]
Event: 14.293 Thread 0x00007f9924009dd0 Exception <a 'java/lang/NoSuchMethodError'{0x00000000ecb34f38}: static Lorg/jetbrains/kotlin/gradle/plugin/internal/DefaultBasePluginConfigurationVariantFactory;.<clinit>()V> (0x00000000ecb34f38) 
thrown [./src/hotspot/share/prims/jni.cpp, line 1112]
Event: 14.294 Thread 0x00007f9924009dd0 Exception <a 'java/lang/NoSuchMethodError'{0x00000000ecb51820}: static Lorg/jetbrains/kotlin/gradle/plugin/internal/DefaultAttributeConfigurationHelperVariantFactory;.<clinit>()V> (0x00000000ecb51820) 
thrown [./src/hotspot/share/prims/jni.cpp, line 1112]
Event: 14.297 Thread 0x00007f9924009dd0 Exception <a 'java/lang/NoSuchMethodError'{0x00000000ecb5cb78}: 'void java.lang.invoke.DirectMethodHandle$Holder.invokeSpecial(java.lang.Object, java.lang.Object, java.lang.Object, int)'> (0x00000000ecb5cb78) 
thrown [./src/hotspot/share/interpreter/linkResolver.cpp, line 758]
Event: 14.483 Thread 0x00007f9924009dd0 Exception <a 'java/lang/IncompatibleClassChangeError'{0x00000000ec8c7ad8}: Found class java.lang.Object, but interface was expected> (0x00000000ec8c7ad8) 
thrown [./src/hotspot/share/interpreter/linkResolver.cpp, line 826]
Event: 14.579 Thread 0x00007f9924009dd0 Exception <a 'java/lang/NoSuchMethodError'{0x00000000ec7bc7b0}: 'long java.lang.invoke.DirectMethodHandle$Holder.invokeStatic(java.lang.Object, java.lang.Object)'> (0x00000000ec7bc7b0) 
thrown [./src/hotspot/share/interpreter/linkResolver.cpp, line 758]
Event: 18.402 Thread 0x00007f9924009dd0 Exception <a 'java/io/IOException'{0x00000000e86fd540}> (0x00000000e86fd540) 
thrown [./src/hotspot/share/prims/jni.cpp, line 516]
Event: 18.478 Thread 0x00007f9924009dd0 Exception <a 'java/io/IOException'{0x00000000e8541300}> (0x00000000e8541300) 
thrown [./src/hotspot/share/prims/jni.cpp, line 516]
Event: 18.576 Thread 0x00007f9924009dd0 Exception <a 'java/lang/NoSuchMethodError'{0x00000000e85eb1c8}: 'void java.lang.invoke.DirectMethodHandle$Holder.invokeVirtual(java.lang.Object, java.lang.Object)'> (0x00000000e85eb1c8) 
thrown [./src/hotspot/share/interpreter/linkResolver.cpp, line 758]
Event: 18.585 Thread 0x00007f9924009dd0 Exception <a 'java/io/IOException'{0x00000000e8424bd0}> (0x00000000e8424bd0) 
thrown [./src/hotspot/share/prims/jni.cpp, line 516]
Event: 23.676 Thread 0x00007f99514abfc0 Exception <a 'java/io/IOException'{0x00000000e8583488}> (0x00000000e8583488) 
thrown [./src/hotspot/share/prims/jni.cpp, line 516]

VM Operations (20 events):
Event: 17.526 Executing VM operation: HandshakeAllThreads done
Event: 17.526 Executing VM operation: HandshakeAllThreads
Event: 17.526 Executing VM operation: HandshakeAllThreads done
Event: 18.569 Executing VM operation: Cleanup
Event: 18.570 Executing VM operation: Cleanup done
Event: 18.781 Executing VM operation: HandshakeAllThreads
Event: 18.782 Executing VM operation: HandshakeAllThreads done
Event: 19.785 Executing VM operation: Cleanup
Event: 19.800 Executing VM operation: Cleanup done
Event: 20.872 Executing VM operation: Cleanup
Event: 20.893 Executing VM operation: Cleanup done
Event: 21.894 Executing VM operation: Cleanup
Event: 21.897 Executing VM operation: Cleanup done
Event: 22.898 Executing VM operation: Cleanup
Event: 22.968 Executing VM operation: Cleanup done
Event: 23.971 Executing VM operation: Cleanup
Event: 23.998 Executing VM operation: Cleanup done
Event: 25.000 Executing VM operation: Cleanup
Event: 25.090 Executing VM operation: Cleanup done
Event: 27.094 Executing VM operation: Cleanup

Memory protections (20 events):
Event: 2.421 Protecting memory [0x00007f99557fd000,0x00007f9955801000] with protection modes 0
Event: 2.469 Protecting memory [0x00007f99556fc000,0x00007f9955700000] with protection modes 0
Event: 2.498 Protecting memory [0x00007f99555fb000,0x00007f99555ff000] with protection modes 0
Event: 2.499 Protecting memory [0x00007f99554fa000,0x00007f99554fe000] with protection modes 0
Event: 2.511 Protecting memory [0x00007f99553f9000,0x00007f99553fd000] with protection modes 0
Event: 2.515 Protecting memory [0x00007f99552f8000,0x00007f99552fc000] with protection modes 0
Event: 2.573 Protecting memory [0x00007f99551f7000,0x00007f99551fb000] with protection modes 0
Event: 3.289 Protecting memory [0x00007f99550f6000,0x00007f99550fa000] with protection modes 0
Event: 3.291 Protecting memory [0x00007f9954ff5000,0x00007f9954ff9000] with protection modes 0
Event: 3.480 Protecting memory [0x00007f9954ef4000,0x00007f9954ef8000] with protection modes 0
Event: 5.011 Protecting memory [0x00007f9954df3000,0x00007f9954df7000] with protection modes 0
Event: 5.021 Protecting memory [0x00007f9954cf2000,0x00007f9954cf6000] with protection modes 0
Event: 5.633 Protecting memory [0x00007f9954bf1000,0x00007f9954bf5000] with protection modes 0
Event: 5.721 Protecting memory [0x00007f9954af0000,0x00007f9954af4000] with protection modes 0
Event: 6.200 Protecting memory [0x00007f99549ef000,0x00007f99549f3000] with protection modes 0
Event: 6.282 Protecting memory [0x00007f99548ee000,0x00007f99548f2000] with protection modes 0
Event: 10.889 Protecting memory [0x00007f99547ed000,0x00007f99547f1000] with protection modes 0
Event: 11.014 Protecting memory [0x00007f99546ec000,0x00007f99546f0000] with protection modes 0
Event: 14.809 Protecting memory [0x00007f99545eb000,0x00007f99545ef000] with protection modes 0
Event: 18.499 Protecting memory [0x00007f99544ea000,0x00007f99544ee000] with protection modes 0

Nmethod flushes (20 events):
Event: 17.584 Thread 0x00007f997c138fc0 flushing  nmethod 0x00007f996600f310
Event: 17.584 Thread 0x00007f997c138fc0 flushing  nmethod 0x00007f996600f690
Event: 17.584 Thread 0x00007f997c138fc0 flushing  nmethod 0x00007f996600ff90
Event: 17.584 Thread 0x00007f997c138fc0 flushing  nmethod 0x00007f9966010990
Event: 17.584 Thread 0x00007f997c138fc0 flushing  nmethod 0x00007f9966011790
Event: 17.584 Thread 0x00007f997c138fc0 flushing  nmethod 0x00007f9966011b90
Event: 17.584 Thread 0x00007f997c138fc0 flushing  nmethod 0x00007f9966012590
Event: 17.584 Thread 0x00007f997c138fc0 flushing  nmethod 0x00007f9966012890
Event: 17.584 Thread 0x00007f997c138fc0 flushing  nmethod 0x00007f9966012c90
Event: 17.584 Thread 0x00007f997c138fc0 flushing  nmethod 0x00007f9966013390
Event: 17.584 Thread 0x00007f997c138fc0 flushing  nmethod 0x00007f9966013710
Event: 17.584 Thread 0x00007f997c138fc0 flushing  nmethod 0x00007f9966014290
Event: 17.584 Thread 0x00007f997c138fc0 flushing  nmethod 0x00007f9966014c90
Event: 17.584 Thread 0x00007f997c138fc0 flushing  nmethod 0x00007f9966015b90
Event: 17.584 Thread 0x00007f997c138fc0 flushing  nmethod 0x00007f9966016010
Event: 17.584 Thread 0x00007f997c138fc0 flushing  nmethod 0x00007f996601c590
Event: 17.584 Thread 0x00007f997c138fc0 flushing  nmethod 0x00007f9966034910
Event: 17.584 Thread 0x00007f997c138fc0 flushing  nmethod 0x00007f9966035910
Event: 17.584 Thread 0x00007f997c138fc0 flushing  nmethod 0x00007f9966037310
Event: 17.584 Thread 0x00007f997c138fc0 flushing  nmethod 0x00007f9966037710

Events (20 events):
Event: 2.421 Thread 0x00007f997d96ecf0 Thread added: 0x00007f991c01baa0
Event: 2.469 Thread 0x00007f991c01baa0 Thread added: 0x00007f9924004ee0
Event: 2.492 Thread 0x00007f991c01baa0 Thread added: 0x00007f9924007dd0
Event: 2.499 Thread 0x00007f991c01baa0 Thread added: 0x00007f9924009dd0
Event: 2.511 Thread 0x00007f9924009dd0 Thread added: 0x00007f9950007f80
Event: 2.514 Thread 0x00007f9924009dd0 Thread added: 0x00007f995000b570
Event: 2.573 Thread 0x00007f9924009dd0 Thread added: 0x00007f9950015a20
Event: 3.284 Thread 0x00007f9924009dd0 Thread added: 0x00007f99502873c0
Event: 3.290 Thread 0x00007f9924009dd0 Thread added: 0x00007f995028ed70
Event: 3.480 Thread 0x00007f9924009dd0 Thread added: 0x00007f99502c3f30
Event: 5.010 Thread 0x00007f9924009dd0 Thread added: 0x00007f995062fd50
Event: 5.020 Thread 0x00007f9924009dd0 Thread added: 0x00007f99506a9970
Event: 5.633 Thread 0x00007f9924009dd0 Thread added: 0x00007f9950993ac0
Event: 5.721 Thread 0x00007f9924009dd0 Thread added: 0x00007f99508e65e0
Event: 6.199 Thread 0x00007f9924009dd0 Thread added: 0x00007f9950a5d5b0
Event: 6.282 Thread 0x00007f9924009dd0 Thread added: 0x00007f9950a7a870
Event: 10.877 Thread 0x00007f9924009dd0 Thread added: 0x00007f9950fba2d0
Event: 11.011 Thread 0x00007f9924009dd0 Thread added: 0x00007f9950fd3250
Event: 14.808 Thread 0x00007f9924009dd0 Thread added: 0x00007f9951386980
Event: 18.498 Thread 0x00007f9924009dd0 Thread added: 0x00007f99514abfc0


Dynamic libraries:
e0000000-efc00000 rw-p 00000000 00:00 0 
efc00000-efe00000 ---p 00000000 00:00 0 
efe00000-f0000000 rw-p 00000000 00:00 0 
f0000000-ffe00000 ---p 00000000 00:00 0 
ffe00000-ffe75000 rw-p 00c7a000 00:25 13853                              /usr/lib/jvm/java-17-openjdk-amd64/lib/server/classes.jsa
ffe75000-fff00000 rw-p 00000000 00:00 0 
fff00000-fff78000 rw-p 00c02000 00:25 13853                              /usr/lib/jvm/java-17-openjdk-amd64/lib/server/classes.jsa
fff78000-100000000 rw-p 00000000 00:00 0 
559a9db32000-559a9db33000 r--p 00000000 00:25 13495                      /usr/lib/jvm/java-17-openjdk-amd64/bin/java
559a9db33000-559a9db34000 r-xp 00001000 00:25 13495                      /usr/lib/jvm/java-17-openjdk-amd64/bin/java
559a9db34000-559a9db35000 r--p 00002000 00:25 13495                      /usr/lib/jvm/java-17-openjdk-amd64/bin/java
559a9db35000-559a9db36000 r--p 00002000 00:25 13495                      /usr/lib/jvm/java-17-openjdk-amd64/bin/java
559a9db36000-559a9db37000 rw-p 00003000 00:25 13495                      /usr/lib/jvm/java-17-openjdk-amd64/bin/java
559a9e9f7000-559a9ea3e000 rw-p 00000000 00:00 0                          [heap]
7f990c000000-7f990c610000 rw-p 00000000 00:00 0 
7f990c610000-7f9910000000 ---p 00000000 00:00 0 
7f9910000000-7f9910021000 rw-p 00000000 00:00 0 
7f9910021000-7f9914000000 ---p 00000000 00:00 0 
7f9914000000-7f9914021000 rw-p 00000000 00:00 0 
7f9914021000-7f9918000000 ---p 00000000 00:00 0 
7f9918000000-7f9919a1f000 rw-p 00000000 00:00 0 
7f9919a1f000-7f991c000000 ---p 00000000 00:00 0 
7f991c000000-7f991c059000 rw-p 00000000 00:00 0 
7f991c059000-7f9920000000 ---p 00000000 00:00 0 
7f9920000000-7f9920021000 rw-p 00000000 00:00 0 
7f9920021000-7f9924000000 ---p 00000000 00:00 0 
7f9924000000-7f9924034000 rw-p 00000000 00:00 0 
7f9924034000-7f9928000000 ---p 00000000 00:00 0 
7f9928000000-7f9928021000 rw-p 00000000 00:00 0 
7f9928021000-7f992c000000 ---p 00000000 00:00 0 
7f992c000000-7f992c050000 rw-p 00000000 00:00 0 
7f992c050000-7f9930000000 ---p 00000000 00:00 0 
7f9933000000-7f9933455000 rw-p 00001000 00:25 13853                      /usr/lib/jvm/java-17-openjdk-amd64/lib/server/classes.jsa
7f9933455000-7f9933bca000 rw-p 00456000 00:25 13853                      /usr/lib/jvm/java-17-openjdk-amd64/lib/server/classes.jsa
7f9933bca000-7f9934000000 ---p 00000000 00:00 0 
7f9934000000-7f9934040000 rw-p 00000000 00:00 0 
7f9934040000-7f9934080000 rw-p 00000000 00:00 0 
7f9934080000-7f9934140000 rw-p 00000000 00:00 0 
7f9934140000-7f9934180000 rw-p 00000000 00:00 0 
7f9934180000-7f9934480000 rw-p 00000000 00:00 0 
7f9934480000-7f9934740000 rw-p 00000000 00:00 0 
7f9934740000-7f9934770000 rw-p 00000000 00:00 0 
7f9934770000-7f9934780000 ---p 00000000 00:00 0 
7f9934780000-7f9934810000 rw-p 00000000 00:00 0 
7f9934810000-7f9948000000 ---p 00000000 00:00 0 
7f9948000000-7f9948021000 rw-p 00000000 00:00 0 
7f9948021000-7f994c000000 ---p 00000000 00:00 0 
7f994c000000-7f994c400000 rw-p 00000000 00:00 0 
7f994c400000-7f994c900000 rw-p 00000000 00:00 0 
7f994c900000-7f994ca00000 rw-p 00000000 00:00 0 
7f994ca00000-7f994d700000 rw-p 00000000 00:00 0 
7f994d700000-7f994d800000 rw-p 00000000 00:00 0 
7f994d800000-7f994df00000 rw-p 00000000 00:00 0 
7f994df00000-7f994e000000 rw-p 00000000 00:00 0 
7f994e000000-7f994eab0000 rw-p 00000000 00:00 0 
7f994eab0000-7f994eb00000 ---p 00000000 00:00 0 
7f994eb00000-7f994ef30000 rw-p 00000000 00:00 0 
7f994ef40000-7f9950000000 ---p 00000000 00:00 0 
7f9950000000-7f99518af000 rw-p 00000000 00:00 0 
7f99518af000-7f9954000000 ---p 00000000 00:00 0 
7f99544e9000-7f99544ea000 ---p 00000000 00:00 0 
7f99544ea000-7f99544ee000 ---p 00000000 00:00 0 
7f99544ee000-7f99545ea000 rw-p 00000000 00:00 0 
7f99545ea000-7f99545eb000 ---p 00000000 00:00 0 
7f99545eb000-7f99545ef000 ---p 00000000 00:00 0 
7f99545ef000-7f99546eb000 rw-p 00000000 00:00 0 
7f99546eb000-7f99546ec000 ---p 00000000 00:00 0 
7f99546ec000-7f99546f0000 ---p 00000000 00:00 0 
7f99546f0000-7f99547ec000 rw-p 00000000 00:00 0 
7f99547ec000-7f99547ed000 ---p 00000000 00:00 0 
7f99547ed000-7f99547f1000 ---p 00000000 00:00 0 
7f99547f1000-7f99548ed000 rw-p 00000000 00:00 0 
7f99548ed000-7f99548ee000 ---p 00000000 00:00 0 
7f99548ee000-7f99548f2000 ---p 00000000 00:00 0 
7f99548f2000-7f99549ee000 rw-p 00000000 00:00 0 
7f99549ee000-7f99549ef000 ---p 00000000 00:00 0 
7f99549ef000-7f99549f3000 ---p 00000000 00:00 0 
7f99549f3000-7f9954aef000 rw-p 00000000 00:00 0 
7f9954aef000-7f9954af0000 ---p 00000000 00:00 0 
7f9954af0000-7f9954af4000 ---p 00000000 00:00 0 
7f9954af4000-7f9954bf0000 rw-p 00000000 00:00 0 
7f9954bf0000-7f9954bf1000 ---p 00000000 00:00 0 
7f9954bf1000-7f9954bf5000 ---p 00000000 00:00 0 
7f9954bf5000-7f9954cf1000 rw-p 00000000 00:00 0 
7f9954cf1000-7f9954cf2000 ---p 00000000 00:00 0 
7f9954cf2000-7f9954cf6000 ---p 00000000 00:00 0 
7f9954cf6000-7f9954df2000 rw-p 00000000 00:00 0 
7f9954df2000-7f9954df3000 ---p 00000000 00:00 0 
7f9954df3000-7f9954df7000 ---p 00000000 00:00 0 
7f9954df7000-7f9954ef3000 rw-p 00000000 00:00 0 
7f9954ef3000-7f9954ef4000 ---p 00000000 00:00 0 
7f9954ef4000-7f9954ef8000 ---p 00000000 00:00 0 
7f9954ef8000-7f9954ff4000 rw-p 00000000 00:00 0 
7f9954ff4000-7f9954ff5000 ---p 00000000 00:00 0 
7f9954ff5000-7f9954ff9000 ---p 00000000 00:00 0 
7f9954ff9000-7f99550f5000 rw-p 00000000 00:00 0 
7f99550f5000-7f99550f6000 ---p 00000000 00:00 0 
7f99550f6000-7f99550fa000 ---p 00000000 00:00 0 
7f99550fa000-7f99551f6000 rw-p 00000000 00:00 0 
7f99551f6000-7f99551f7000 ---p 00000000 00:00 0 
7f99551f7000-7f99551fb000 ---p 00000000 00:00 0 
7f99551fb000-7f99552f7000 rw-p 00000000 00:00 0 
7f99552f7000-7f99552f8000 ---p 00000000 00:00 0 
7f99552f8000-7f99552fc000 ---p 00000000 00:00 0 
7f99552fc000-7f99553f8000 rw-p 00000000 00:00 0 
7f99553f8000-7f99553f9000 ---p 00000000 00:00 0 
7f99553f9000-7f99553fd000 ---p 00000000 00:00 0 
7f99553fd000-7f99554f9000 rw-p 00000000 00:00 0 
7f99554f9000-7f99554fa000 ---p 00000000 00:00 0 
7f99554fa000-7f99554fe000 ---p 00000000 00:00 0 
7f99554fe000-7f99555fa000 rw-p 00000000 00:00 0 
7f99555fa000-7f99555fb000 ---p 00000000 00:00 0 
7f99555fb000-7f99555ff000 ---p 00000000 00:00 0 
7f99555ff000-7f99556fb000 rw-p 00000000 00:00 0 
7f99556fb000-7f99556fc000 ---p 00000000 00:00 0 
7f99556fc000-7f9955700000 ---p 00000000 00:00 0 
7f9955700000-7f99557fc000 rw-p 00000000 00:00 0 
7f99557fc000-7f99557fd000 ---p 00000000 00:00 0 
7f99557fd000-7f9955801000 ---p 00000000 00:00 0 
7f9955801000-7f99558fd000 rw-p 00000000 00:00 0 
7f99558fd000-7f99558fe000 ---p 00000000 00:00 0 
7f99558fe000-7f9955902000 ---p 00000000 00:00 0 
7f9955902000-7f99559fe000 rw-p 00000000 00:00 0 
7f99559fe000-7f99559ff000 ---p 00000000 00:00 0 
7f99559ff000-7f9955a03000 ---p 00000000 00:00 0 
7f9955a03000-7f9955aff000 rw-p 00000000 00:00 0 
7f9955aff000-7f9955b00000 ---p 00000000 00:00 0 
7f9955b00000-7f9955b04000 ---p 00000000 00:00 0 
7f9955b04000-7f9955c00000 rw-p 00000000 00:00 0 
7f9955c00000-7f9955c05000 r-xp 00000000 fe:00 394893                     /root/.gradle/native/660c5614fbf4a5f2a75b1949f50a0caf5cd603558e7d8a26e50b933a0cfb79d1/linux-amd64/libnative-platform.so
7f9955c05000-7f9955e05000 ---p 00005000 fe:00 394893                     /root/.gradle/native/660c5614fbf4a5f2a75b1949f50a0caf5cd603558e7d8a26e50b933a0cfb79d1/linux-amd64/libnative-platform.so
7f9955e05000-7f9955e06000 r--p 00005000 fe:00 394893                     /root/.gradle/native/660c5614fbf4a5f2a75b1949f50a0caf5cd603558e7d8a26e50b933a0cfb79d1/linux-amd64/libnative-platform.so
7f9955e06000-7f9955e07000 rw-p 00006000 fe:00 394893                     /root/.gradle/native/660c5614fbf4a5f2a75b1949f50a0caf5cd603558e7d8a26e50b933a0cfb79d1/linux-amd64/libnative-platform.so
7f9955eff000-7f9955f00000 ---p 00000000 00:00 0 
7f9955f00000-7f9958000000 rw-p 00000000 00:00 0 
7f9958000000-7f9958021000 rw-p 00000000 00:00 0 
7f9958021000-7f995c000000 ---p 00000000 00:00 0 
7f995c000000-7f995c021000 rw-p 00000000 00:00 0 
7f995c021000-7f9960000000 ---p 00000000 00:00 0 
7f9960000000-7f9960021000 rw-p 00000000 00:00 0 
7f9960021000-7f9964000000 ---p 00000000 00:00 0 
7f996406b000-7f99640a7000 r--p 00000000 fe:00 394920                     /root/.gradle/native/0.2.8/x86_64-linux-gnu/libgradle-fileevents.so
7f99640a7000-7f99640ef000 r-xp 0003b000 fe:00 394920                     /root/.gradle/native/0.2.8/x86_64-linux-gnu/libgradle-fileevents.so
7f99640ef000-7f99640f8000 r--p 00082000 fe:00 394920                     /root/.gradle/native/0.2.8/x86_64-linux-gnu/libgradle-fileevents.so
7f99640f8000-7f99640f9000 rw-p 0008a000 fe:00 394920                     /root/.gradle/native/0.2.8/x86_64-linux-gnu/libgradle-fileevents.so
7f99640f9000-7f99640fb000 rw-p 00000000 00:00 0 
7f99640fb000-7f99640fc000 ---p 00000000 00:00 0 
7f99640fc000-7f99641fc000 rw-p 00000000 00:00 0 
7f99641fc000-7f99641fd000 ---p 00000000 00:00 0 
7f99641fd000-7f99642fd000 rw-p 00000000 00:00 0 
7f99642fd000-7f99642fe000 ---p 00000000 00:00 0 
7f99642fe000-7f9964302000 ---p 00000000 00:00 0 
7f9964302000-7f99643fe000 rw-p 00000000 00:00 0 
7f99643fe000-7f99643ff000 ---p 00000000 00:00 0 
7f99643ff000-7f9964403000 ---p 00000000 00:00 0 
7f9964403000-7f99644ff000 rw-p 00000000 00:00 0 
7f99644ff000-7f9964500000 ---p 00000000 00:00 0 
7f9964500000-7f9964504000 ---p 00000000 00:00 0 
7f9964504000-7f9964600000 rw-p 00000000 00:00 0 
7f9964600000-7f9964601000 ---p 00000000 00:00 0 
7f9964601000-7f9964605000 ---p 00000000 00:00 0 
7f9964605000-7f9964701000 rw-p 00000000 00:00 0 
7f9964701000-7f9964702000 ---p 00000000 00:00 0 
7f9964702000-7f9964706000 ---p 00000000 00:00 0 
7f9964706000-7f9964802000 rw-p 00000000 00:00 0 
7f9964802000-7f9964803000 ---p 00000000 00:00 0 
7f9964803000-7f9964807000 ---p 00000000 00:00 0 
7f9964807000-7f9964903000 rw-p 00000000 00:00 0 
7f9964903000-7f9964904000 ---p 00000000 00:00 0 
7f9964904000-7f9964908000 ---p 00000000 00:00 0 
7f9964908000-7f9964a04000 rw-p 00000000 00:00 0 
7f9964a04000-7f9964a05000 ---p 00000000 00:00 0 
7f9964a05000-7f9964a09000 ---p 00000000 00:00 0 
7f9964a09000-7f9964b05000 rw-p 00000000 00:00 0 
7f9964b05000-7f9964b5c000 r--p 00000000 00:25 13893                      /usr/lib/locale/C.utf8/LC_CTYPE
7f9964b5c000-7f9964b5d000 ---p 00000000 00:00 0 
7f9964b5d000-7f9964b61000 ---p 00000000 00:00 0 
7f9964b61000-7f9964c5d000 rw-p 00000000 00:00 0 
7f9964c5d000-7f9964c5e000 ---p 00000000 00:00 0 
7f9964c5e000-7f9964c62000 ---p 00000000 00:00 0 
7f9964c62000-7f9964d5e000 rw-p 00000000 00:00 0 
7f9964d5e000-7f9964d5f000 ---p 00000000 00:00 0 
7f9964d5f000-7f9964e5f000 rw-p 00000000 00:00 0 
7f9964e5f000-7f9964e64000 r--p 00000000 00:25 13828                      /usr/lib/jvm/java-17-openjdk-amd64/lib/libjsvml.so
7f9964e64000-7f9964ea5000 r-xp 00005000 00:25 13828                      /usr/lib/jvm/java-17-openjdk-amd64/lib/libjsvml.so
7f9964ea5000-7f9964f2e000 r--p 00046000 00:25 13828                      /usr/lib/jvm/java-17-openjdk-amd64/lib/libjsvml.so
7f9964f2e000-7f9964f2f000 r--p 000ce000 00:25 13828                      /usr/lib/jvm/java-17-openjdk-amd64/lib/libjsvml.so
7f9964f2f000-7f9964f30000 rw-p 000cf000 00:25 13828                      /usr/lib/jvm/java-17-openjdk-amd64/lib/libjsvml.so
7f9964f30000-7f996500c000 rw-p 00000000 00:00 0 
7f996500c000-7f996500d000 ---p 00000000 00:00 0 
7f996500d000-7f996510d000 rw-p 00000000 00:00 0 
7f996510d000-7f996510e000 ---p 00000000 00:00 0 
7f996510e000-7f9965410000 rw-p 00000000 00:00 0 
7f9965410000-7f9965411000 ---p 00000000 00:00 0 
7f9965411000-7f9965511000 rw-p 00000000 00:00 0 
7f9965511000-7f9966091000 rwxp 00000000 00:00 0 
7f9966091000-7f996ca49000 ---p 00000000 00:00 0 
7f996ca49000-7f996ccb9000 rwxp 00000000 00:00 0 
7f996ccb9000-7f996cfd8000 ---p 00000000 00:00 0 
7f996cfd8000-7f996d2c8000 rwxp 00000000 00:00 0 
7f996d2c8000-7f9974511000 ---p 00000000 00:00 0 
7f9974511000-7f997c000000 r--s 00000000 00:25 13844                      /usr/lib/jvm/java-17-openjdk-amd64/lib/modules
7f997c000000-7f997d9a5000 rw-p 00000000 00:00 0 
7f997d9a5000-7f9980000000 ---p 00000000 00:00 0 
7f9980007000-7f9980008000 r--p 00000000 00:25 13813                      /usr/lib/jvm/java-17-openjdk-amd64/lib/libextnet.so
7f9980008000-7f9980009000 r-xp 00001000 00:25 13813                      /usr/lib/jvm/java-17-openjdk-amd64/lib/libextnet.so
7f9980009000-7f998000a000 r--p 00002000 00:25 13813                      /usr/lib/jvm/java-17-openjdk-amd64/lib/libextnet.so
7f998000a000-7f998000b000 r--p 00002000 00:25 13813                      /usr/lib/jvm/java-17-openjdk-amd64/lib/libextnet.so
7f998000b000-7f998000c000 rw-p 00003000 00:25 13813                      /usr/lib/jvm/java-17-openjdk-amd64/lib/libextnet.so
7f998000c000-7f998000e000 r--p 00000000 00:25 13832                      /usr/lib/jvm/java-17-openjdk-amd64/lib/libmanagement_ext.so
7f998000e000-7f9980011000 r-xp 00002000 00:25 13832                      /usr/lib/jvm/java-17-openjdk-amd64/lib/libmanagement_ext.so
7f9980011000-7f9980012000 r--p 00005000 00:25 13832                      /usr/lib/jvm/java-17-openjdk-amd64/lib/libmanagement_ext.so
7f9980012000-7f9980013000 r--p 00006000 00:25 13832                      /usr/lib/jvm/java-17-openjdk-amd64/lib/libmanagement_ext.so
7f9980013000-7f9980014000 rw-p 00007000 00:25 13832                      /usr/lib/jvm/java-17-openjdk-amd64/lib/libmanagement_ext.so
7f9980014000-7f9980015000 r--p 00000000 00:25 17909                      /usr/lib/x86_64-linux-gnu/libdl.so.2
7f9980015000-7f9980016000 r-xp 00001000 00:25 17909                      /usr/lib/x86_64-linux-gnu/libdl.so.2
7f9980016000-7f9980017000 r--p 00002000 00:25 17909                      /usr/lib/x86_64-linux-gnu/libdl.so.2
7f9980017000-7f9980018000 r--p 00002000 00:25 17909                      /usr/lib/x86_64-linux-gnu/libdl.so.2
7f9980018000-7f9980019000 rw-p 00003000 00:25 17909                      /usr/lib/x86_64-linux-gnu/libdl.so.2
7f9980019000-7f998001a000 r--p 00000000 00:25 18162                      /usr/lib/x86_64-linux-gnu/libpthread.so.0
7f998001a000-7f998001b000 r-xp 00001000 00:25 18162                      /usr/lib/x86_64-linux-gnu/libpthread.so.0
7f998001b000-7f998001c000 r--p 00002000 00:25 18162                      /usr/lib/x86_64-linux-gnu/libpthread.so.0
7f998001c000-7f998001d000 r--p 00002000 00:25 18162                      /usr/lib/x86_64-linux-gnu/libpthread.so.0
7f998001d000-7f998001e000 rw-p 00003000 00:25 18162                      /usr/lib/x86_64-linux-gnu/libpthread.so.0
7f998001e000-7f9980022000 r--p 00000000 00:25 13842                      /usr/lib/jvm/java-17-openjdk-amd64/lib/libverify.so
7f9980022000-7f9980029000 r-xp 00004000 00:25 13842                      /usr/lib/jvm/java-17-openjdk-amd64/lib/libverify.so
7f9980029000-7f998002b000 r--p 0000b000 00:25 13842                      /usr/lib/jvm/java-17-openjdk-amd64/lib/libverify.so
7f998002b000-7f998002d000 r--p 0000c000 00:25 13842                      /usr/lib/jvm/java-17-openjdk-amd64/lib/libverify.so
7f998002d000-7f998002e000 rw-p 0000e000 00:25 13842                      /usr/lib/jvm/java-17-openjdk-amd64/lib/libverify.so
7f998002e000-7f9980032000 r--p 00000000 00:25 13834                      /usr/lib/jvm/java-17-openjdk-amd64/lib/libnet.so
7f9980032000-7f9980040000 r-xp 00004000 00:25 13834                      /usr/lib/jvm/java-17-openjdk-amd64/lib/libnet.so
7f9980040000-7f9980044000 r--p 00012000 00:25 13834                      /usr/lib/jvm/java-17-openjdk-amd64/lib/libnet.so
7f9980044000-7f9980045000 r--p 00015000 00:25 13834                      /usr/lib/jvm/java-17-openjdk-amd64/lib/libnet.so
7f9980045000-7f9980046000 rw-p 00016000 00:25 13834                      /usr/lib/jvm/java-17-openjdk-amd64/lib/libnet.so
7f9980046000-7f9980087000 rw-p 00000000 00:00 0 
7f998008a000-7f998008c000 r--p 00000000 00:25 13830                      /usr/lib/jvm/java-17-openjdk-amd64/lib/libmanagement.so
7f998008c000-7f998008d000 r-xp 00002000 00:25 13830                      /usr/lib/jvm/java-17-openjdk-amd64/lib/libmanagement.so
7f998008d000-7f998008e000 r--p 00003000 00:25 13830                      /usr/lib/jvm/java-17-openjdk-amd64/lib/libmanagement.so
7f998008e000-7f998008f000 r--p 00003000 00:25 13830                      /usr/lib/jvm/java-17-openjdk-amd64/lib/libmanagement.so
7f998008f000-7f9980090000 rw-p 00004000 00:25 13830                      /usr/lib/jvm/java-17-openjdk-amd64/lib/libmanagement.so
7f9980090000-7f9980097000 r--p 00000000 00:25 13835                      /usr/lib/jvm/java-17-openjdk-amd64/lib/libnio.so
7f9980097000-7f99800a0000 r-xp 00007000 00:25 13835                      /usr/lib/jvm/java-17-openjdk-amd64/lib/libnio.so
7f99800a0000-7f99800a4000 r--p 00010000 00:25 13835                      /usr/lib/jvm/java-17-openjdk-amd64/lib/libnio.so
7f99800a4000-7f99800a5000 r--p 00014000 00:25 13835                      /usr/lib/jvm/java-17-openjdk-amd64/lib/libnio.so
7f99800a5000-7f99800a6000 rw-p 00015000 00:25 13835                      /usr/lib/jvm/java-17-openjdk-amd64/lib/libnio.so
7f99800a6000-7f99800a8000 r--p 00000000 00:25 13843                      /usr/lib/jvm/java-17-openjdk-amd64/lib/libzip.so
7f99800a8000-7f99800ac000 r-xp 00002000 00:25 13843                      /usr/lib/jvm/java-17-openjdk-amd64/lib/libzip.so
7f99800ac000-7f99800ae000 r--p 00006000 00:25 13843                      /usr/lib/jvm/java-17-openjdk-amd64/lib/libzip.so
7f99800ae000-7f99800af000 r--p 00007000 00:25 13843                      /usr/lib/jvm/java-17-openjdk-amd64/lib/libzip.so
7f99800af000-7f99800b0000 rw-p 00008000 00:25 13843                      /usr/lib/jvm/java-17-openjdk-amd64/lib/libzip.so
7f99800b0000-7f99800b1000 r--p 00000000 00:25 13899                      /usr/lib/locale/C.utf8/LC_NUMERIC
7f99800b1000-7f99800b2000 r--p 00000000 00:25 13902                      /usr/lib/locale/C.utf8/LC_TIME
7f99800b2000-7f99800b3000 r--p 00000000 00:25 13892                      /usr/lib/locale/C.utf8/LC_COLLATE
7f99800b3000-7f99800b4000 r--p 00000000 00:25 13897                      /usr/lib/locale/C.utf8/LC_MONETARY
7f99800b4000-7f99800b5000 r--p 00000000 00:25 13896                      /usr/lib/locale/C.utf8/LC_MESSAGES/SYS_LC_MESSAGES
7f99800b5000-7f99800b6000 r--p 00000000 00:25 13900                      /usr/lib/locale/C.utf8/LC_PAPER
7f99800b6000-7f99800b7000 r--p 00000000 00:25 13898                      /usr/lib/locale/C.utf8/LC_NAME
7f99800b7000-7f99800be000 r--s 00000000 00:25 17585                      /usr/lib/x86_64-linux-gnu/gconv/gconv-modules.cache
7f99800be000-7f99800bf000 ---p 00000000 00:00 0 
7f99800bf000-7f99801bf000 rw-p 00000000 00:00 0 
7f99801bf000-7f99801c0000 ---p 00000000 00:00 0 
7f99801c0000-7f99806c2000 rw-p 00000000 00:00 0 
7f99806c2000-7f99806ca000 ---p 00000000 00:00 0 
7f99806ca000-7f99806d2000 rw-p 00000000 00:00 0 
7f99806d2000-7f9980aca000 ---p 00000000 00:00 0 
7f9980aca000-7f9980ec2000 rw-p 00000000 00:00 0 
7f9980ec2000-7f9980eca000 ---p 00000000 00:00 0 
7f9980eca000-7f9980ed2000 rw-p 00000000 00:00 0 
7f9980ed2000-7f99812ca000 ---p 00000000 00:00 0 
7f99812ca000-7f9981350000 rw-p 00000000 00:00 0 
7f9981350000-7f9981351000 ---p 00000000 00:00 0 
7f9981351000-7f9981352000 rw-p 00000000 00:00 0 
7f9981352000-7f99813d1000 ---p 00000000 00:00 0 
7f99813d1000-7f9981450000 rw-p 00000000 00:00 0 
7f9981450000-7f9981451000 ---p 00000000 00:00 0 
7f9981451000-7f9981452000 rw-p 00000000 00:00 0 
7f9981452000-7f99814d1000 ---p 00000000 00:00 0 
7f99814d1000-7f9981550000 rw-p 00000000 00:00 0 
7f9981550000-7f9981551000 ---p 00000000 00:00 0 
7f9981551000-7f9981552000 rw-p 00000000 00:00 0 
7f9981552000-7f99815d1000 ---p 00000000 00:00 0 
7f99815d1000-7f99817da000 rw-p 00000000 00:00 0 
7f99817da000-7f99818bf000 ---p 00000000 00:00 0 
7f99818bf000-7f99818d6000 rw-p 00000000 00:00 0 
7f99818d6000-7f99819aa000 ---p 00000000 00:00 0 
7f99819aa000-7f99819af000 rw-p 00000000 00:00 0 
7f99819af000-7f99819b6000 ---p 00000000 00:00 0 
7f99819b6000-7f99819be000 rw-s 00000000 fe:00 394015                     /tmp/hsperfdata_root/1775
7f99819be000-7f99819ca000 r--p 00000000 00:25 13820                      /usr/lib/jvm/java-17-openjdk-amd64/lib/libjava.so
7f99819ca000-7f99819db000 r-xp 0000c000 00:25 13820                      /usr/lib/jvm/java-17-openjdk-amd64/lib/libjava.so
7f99819db000-7f99819e1000 r--p 0001d000 00:25 13820                      /usr/lib/jvm/java-17-openjdk-amd64/lib/libjava.so
7f99819e1000-7f99819e2000 r--p 00022000 00:25 13820                      /usr/lib/jvm/java-17-openjdk-amd64/lib/libjava.so
7f99819e2000-7f99819e3000 rw-p 00023000 00:25 13820                      /usr/lib/jvm/java-17-openjdk-amd64/lib/libjava.so
7f99819e3000-7f99819e4000 rw-p 00000000 00:00 0 
7f99819e4000-7f99819e5000 r--p 00000000 00:25 13815                      /usr/lib/jvm/java-17-openjdk-amd64/lib/libinstrument.so
7f99819e5000-7f99819eb000 r-xp 00001000 00:25 13815                      /usr/lib/jvm/java-17-openjdk-amd64/lib/libinstrument.so
7f99819eb000-7f99819ee000 r--p 00007000 00:25 13815                      /usr/lib/jvm/java-17-openjdk-amd64/lib/libinstrument.so
7f99819ee000-7f99819ef000 r--p 00009000 00:25 13815                      /usr/lib/jvm/java-17-openjdk-amd64/lib/libinstrument.so
7f99819ef000-7f99819f0000 rw-p 0000a000 00:25 13815                      /usr/lib/jvm/java-17-openjdk-amd64/lib/libinstrument.so
7f99819f0000-7f99819f2000 r--p 00000000 00:25 13824                      /usr/lib/jvm/java-17-openjdk-amd64/lib/libjimage.so
7f99819f2000-7f99819f5000 r-xp 00002000 00:25 13824                      /usr/lib/jvm/java-17-openjdk-amd64/lib/libjimage.so
7f99819f5000-7f99819f6000 r--p 00005000 00:25 13824                      /usr/lib/jvm/java-17-openjdk-amd64/lib/libjimage.so
7f99819f6000-7f99819f7000 r--p 00006000 00:25 13824                      /usr/lib/jvm/java-17-openjdk-amd64/lib/libjimage.so
7f99819f7000-7f99819f8000 rw-p 00007000 00:25 13824                      /usr/lib/jvm/java-17-openjdk-amd64/lib/libjimage.so
7f99819f8000-7f99819fc000 ---p 00000000 00:00 0 
7f99819fc000-7f9981af8000 rw-p 00000000 00:00 0 
7f9981af8000-7f9981afb000 r--p 00000000 00:25 17971                      /usr/lib/x86_64-linux-gnu/libgcc_s.so.1
7f9981afb000-7f9981b12000 r-xp 00003000 00:25 17971                      /usr/lib/x86_64-linux-gnu/libgcc_s.so.1
7f9981b12000-7f9981b16000 r--p 0001a000 00:25 17971                      /usr/lib/x86_64-linux-gnu/libgcc_s.so.1
7f9981b16000-7f9981b17000 r--p 0001d000 00:25 17971                      /usr/lib/x86_64-linux-gnu/libgcc_s.so.1
7f9981b17000-7f9981b18000 rw-p 0001e000 00:25 17971                      /usr/lib/x86_64-linux-gnu/libgcc_s.so.1
7f9981b18000-7f9981b28000 r--p 00000000 00:25 18072                      /usr/lib/x86_64-linux-gnu/libm.so.6
7f9981b28000-7f9981b9c000 r-xp 00010000 00:25 18072                      /usr/lib/x86_64-linux-gnu/libm.so.6
7f9981b9c000-7f9981bf6000 r--p 00084000 00:25 18072                      /usr/lib/x86_64-linux-gnu/libm.so.6
7f9981bf6000-7f9981bf7000 r--p 000dd000 00:25 18072                      /usr/lib/x86_64-linux-gnu/libm.so.6
7f9981bf7000-7f9981bf8000 rw-p 000de000 00:25 18072                      /usr/lib/x86_64-linux-gnu/libm.so.6
7f9981bf8000-7f9981c91000 r--p 00000000 00:25 18239                      /usr/lib/x86_64-linux-gnu/libstdc++.so.6.0.30
7f9981c91000-7f9981d92000 r-xp 00099000 00:25 18239                      /usr/lib/x86_64-linux-gnu/libstdc++.so.6.0.30
7f9981d92000-7f9981e01000 r--p 0019a000 00:25 18239                      /usr/lib/x86_64-linux-gnu/libstdc++.so.6.0.30
7f9981e01000-7f9981e0c000 r--p 00209000 00:25 18239                      /usr/lib/x86_64-linux-gnu/libstdc++.so.6.0.30
7f9981e0c000-7f9981e0f000 rw-p 00214000 00:25 18239                      /usr/lib/x86_64-linux-gnu/libstdc++.so.6.0.30
7f9981e0f000-7f9981e12000 rw-p 00000000 00:00 0 
7f9981e12000-7f9982063000 r--p 00000000 00:25 13856                      /usr/lib/jvm/java-17-openjdk-amd64/lib/server/libjvm.so
7f9982063000-7f9982db5000 r-xp 00251000 00:25 13856                      /usr/lib/jvm/java-17-openjdk-amd64/lib/server/libjvm.so
7f9982db5000-7f9983037000 r--p 00fa3000 00:25 13856                      /usr/lib/jvm/java-17-openjdk-amd64/lib/server/libjvm.so
7f9983037000-7f99830ef000 r--p 01225000 00:25 13856                      /usr/lib/jvm/java-17-openjdk-amd64/lib/server/libjvm.so
7f99830ef000-7f9983124000 rw-p 012dd000 00:25 13856                      /usr/lib/jvm/java-17-openjdk-amd64/lib/server/libjvm.so
7f9983124000-7f9983180000 rw-p 00000000 00:00 0 
7f9983180000-7f99831a6000 r--p 00000000 00:25 17860                      /usr/lib/x86_64-linux-gnu/libc.so.6
7f99831a6000-7f99832fc000 r-xp 00026000 00:25 17860                      /usr/lib/x86_64-linux-gnu/libc.so.6
7f99832fc000-7f998334f000 r--p 0017c000 00:25 17860                      /usr/lib/x86_64-linux-gnu/libc.so.6
7f998334f000-7f9983353000 r--p 001cf000 00:25 17860                      /usr/lib/x86_64-linux-gnu/libc.so.6
7f9983353000-7f9983355000 rw-p 001d3000 00:25 17860                      /usr/lib/x86_64-linux-gnu/libc.so.6
7f9983355000-7f9983362000 rw-p 00000000 00:00 0 
7f9983362000-7f9983364000 r--p 00000000 00:25 13825                      /usr/lib/jvm/java-17-openjdk-amd64/lib/libjli.so
7f9983364000-7f998336d000 r-xp 00002000 00:25 13825                      /usr/lib/jvm/java-17-openjdk-amd64/lib/libjli.so
7f998336d000-7f9983370000 r--p 0000b000 00:25 13825                      /usr/lib/jvm/java-17-openjdk-amd64/lib/libjli.so
7f9983370000-7f9983371000 r--p 0000d000 00:25 13825                      /usr/lib/jvm/java-17-openjdk-amd64/lib/libjli.so
7f9983371000-7f9983372000 rw-p 0000e000 00:25 13825                      /usr/lib/jvm/java-17-openjdk-amd64/lib/libjli.so
7f9983372000-7f9983375000 r--p 00000000 00:25 1006                       /usr/lib/x86_64-linux-gnu/libz.so.1.2.13
7f9983375000-7f9983388000 r-xp 00003000 00:25 1006                       /usr/lib/x86_64-linux-gnu/libz.so.1.2.13
7f9983388000-7f998338f000 r--p 00016000 00:25 1006                       /usr/lib/x86_64-linux-gnu/libz.so.1.2.13
7f998338f000-7f9983390000 r--p 0001c000 00:25 1006                       /usr/lib/x86_64-linux-gnu/libz.so.1.2.13
7f9983390000-7f9983391000 rw-p 0001d000 00:25 1006                       /usr/lib/x86_64-linux-gnu/libz.so.1.2.13
7f9983391000-7f9983392000 r--p 00000000 00:25 13891                      /usr/lib/locale/C.utf8/LC_ADDRESS
7f9983392000-7f9983393000 r--p 00000000 00:25 13901                      /usr/lib/locale/C.utf8/LC_TELEPHONE
7f9983393000-7f9983394000 r--p 00000000 00:25 13895                      /usr/lib/locale/C.utf8/LC_MEASUREMENT
7f9983394000-7f9983395000 r--p 00000000 00:25 13894                      /usr/lib/locale/C.utf8/LC_IDENTIFICATION
7f9983395000-7f9983396000 ---p 00000000 00:00 0 
7f9983396000-7f9983397000 r--p 00000000 00:00 0 
7f9983397000-7f9983398000 ---p 00000000 00:00 0 
7f9983398000-7f998339a000 rw-p 00000000 00:00 0 
7f998339a000-7f998339b000 r--p 00000000 00:25 17646                      /usr/lib/x86_64-linux-gnu/ld-linux-x86-64.so.2
7f998339b000-7f99833c1000 r-xp 00001000 00:25 17646                      /usr/lib/x86_64-linux-gnu/ld-linux-x86-64.so.2
7f99833c1000-7f99833cb000 r--p 00027000 00:25 17646                      /usr/lib/x86_64-linux-gnu/ld-linux-x86-64.so.2
7f99833cb000-7f99833cd000 r--p 00031000 00:25 17646                      /usr/lib/x86_64-linux-gnu/ld-linux-x86-64.so.2
7f99833cd000-7f99833cf000 rw-p 00033000 00:25 17646                      /usr/lib/x86_64-linux-gnu/ld-linux-x86-64.so.2
7ffd78454000-7ffd78475000 rw-p 00000000 00:00 0                          [stack]
7ffd7858a000-7ffd7858d000 r--p 00000000 00:00 0                          [vvar]
7ffd7858d000-7ffd7858f000 r-xp 00000000 00:00 0                          [vdso]
ffffffffff600000-ffffffffff601000 r-xp 00000000 00:00 0                  [vsyscall]


VM Arguments:
jvm_args: --add-opens=java.base/java.lang=ALL-UNNAMED --add-opens=java.base/java.lang.invoke=ALL-UNNAMED --add-opens=java.base/java.util=ALL-UNNAMED --add-opens=java.prefs/java.util.prefs=ALL-UNNAMED --add-exports=jdk.compiler/com.sun.tools.javac.api=ALL-UNNAMED --add-exports=jdk.compiler/com.sun.tools.javac.util=ALL-UNNAMED --add-opens=java.base/java.util=ALL-UNNAMED --add-opens=java.prefs/java.util.prefs=ALL-UNNAMED --add-opens=java.base/java.nio.charset=ALL-UNNAMED --add-opens=java.base/java.net=ALL-UNNAMED --add-opens=java.base/java.util.concurrent=ALL-UNNAMED --add-opens=java.base/java.util.concurrent.atomic=ALL-UNNAMED --add-opens=java.xml/javax.xml.namespace=ALL-UNNAMED --add-opens=java.base/java.time=ALL-UNNAMED -XX:MaxMetaspaceSize=384m -XX:+HeapDumpOnOutOfMemoryError -Xms256m -Xmx512m -Dfile.encoding=UTF-8 -Duser.country -Duser.language=en -Duser.variant -javaagent:/root/.gradle/wrapper/dists/gradle-9.4.0-bin/bs46pbp5kyxldwvpbd53ev1q5/gradle-9.4.0/lib/agents/gradle-instrumentation-agent-9.4.0.jar 
java_command: org.gradle.launcher.daemon.bootstrap.GradleDaemon 9.4.0
java_class_path (initial): /root/.gradle/wrapper/dists/gradle-9.4.0-bin/bs46pbp5kyxldwvpbd53ev1q5/gradle-9.4.0/lib/gradle-daemon-main-9.4.0.jar
Launcher Type: SUN_STANDARD

[Global flags]
     intx CICompilerCount                          = 2                                         {product} {ergonomic}
   size_t CompressedClassSpaceSize                 = 335544320                                 {product} {ergonomic}
     uint ConcGCThreads                            = 1                                         {product} {ergonomic}
     uint G1ConcRefinementThreads                  = 2                                         {product} {ergonomic}
   size_t G1HeapRegionSize                         = 1048576                                   {product} {ergonomic}
    uintx GCDrainStackTargetSize                   = 64                                        {product} {ergonomic}
     bool HeapDumpOnOutOfMemoryError               = true                                   {manageable} {command line}
   size_t InitialHeapSize                          = 268435456                                 {product} {command line}
   size_t MarkStackSize                            = 4194304                                   {product} {ergonomic}
   size_t MaxHeapSize                              = 536870912                                 {product} {command line}
   size_t MaxMetaspaceSize                         = 402653184                                 {product} {command line}
   size_t MaxNewSize                               = 321912832                                 {product} {ergonomic}
   size_t MinHeapDeltaBytes                        = 1048576                                   {product} {ergonomic}
   size_t MinHeapSize                              = 268435456                                 {product} {command line}
    uintx NonNMethodCodeHeapSize                   = 5826188                                {pd product} {ergonomic}
    uintx NonProfiledCodeHeapSize                  = 122916026                              {pd product} {ergonomic}
    uintx ProfiledCodeHeapSize                     = 122916026                              {pd product} {ergonomic}
    uintx ReservedCodeCacheSize                    = 251658240                              {pd product} {ergonomic}
     bool SegmentedCodeCache                       = true                                      {product} {ergonomic}
   size_t SoftMaxHeapSize                          = 536870912                              {manageable} {ergonomic}
     bool UseCompressedClassPointers               = true                           {product lp64_product} {ergonomic}
     bool UseCompressedOops                        = true                           {product lp64_product} {ergonomic}
     bool UseG1GC                                  = true                                      {product} {ergonomic}

Logging:
Log output configuration:
 #0: stdout all=warning uptime,level,tags
 #1: stderr all=off uptime,level,tags

Environment Variables:
PATH=/usr/local/sbin:/usr/local/bin:/usr/sbin:/usr/bin:/sbin:/bin
SHELL=/bin/bash
LANG=C.UTF-8
LC_ALL=C.UTF-8
TERM=tmux-256color

Active Locale:
LC_ALL=C.UTF-8
LC_COLLATE=C.UTF-8
LC_CTYPE=C.UTF-8
LC_MESSAGES=C.UTF-8
LC_MONETARY=C.UTF-8
LC_NUMERIC=C.UTF-8
LC_TIME=C.UTF-8

Signal Handlers:
   SIGSEGV: crash_handler in libjvm.so, mask=11100100010111111101111111111110, flags=SA_RESTART|SA_SIGINFO, unblocked
    SIGBUS: crash_handler in libjvm.so, mask=11100100010111111101111111111110, flags=SA_RESTART|SA_SIGINFO, unblocked
    SIGFPE: crash_handler in libjvm.so, mask=11100100010111111101111111111110, flags=SA_RESTART|SA_SIGINFO, unblocked
   SIGPIPE: javaSignalHandler in libjvm.so, mask=11100100010111111101111111111110, flags=SA_RESTART|SA_SIGINFO, unblocked
   SIGXFSZ: javaSignalHandler in libjvm.so, mask=11100100010111111101111111111110, flags=SA_RESTART|SA_SIGINFO, unblocked
    SIGILL: crash_handler in libjvm.so, mask=11100100010111111101111111111110, flags=SA_RESTART|SA_SIGINFO, unblocked
   SIGUSR2: SR_handler in libjvm.so, mask=00100000000000000000000000000000, flags=SA_RESTART|SA_SIGINFO, unblocked
    SIGHUP: UserHandler in libjvm.so, mask=11100100010111111101111111111110, flags=SA_RESTART|SA_SIGINFO, unblocked
    SIGINT: UserHandler in libjvm.so, mask=11100100010111111101111111111110, flags=SA_RESTART|SA_SIGINFO, unblocked
   SIGTERM: UserHandler in libjvm.so, mask=11100100010111111101111111111110, flags=SA_RESTART|SA_SIGINFO, unblocked
   SIGQUIT: UserHandler in libjvm.so, mask=11100100010111111101111111111110, flags=SA_RESTART|SA_SIGINFO, blocked
   SIGTRAP: crash_handler in libjvm.so, mask=11100100010111111101111111111110, flags=SA_RESTART|SA_SIGINFO, unblocked


Periodic native trim disabled


---------------  S Y S T E M  ---------------

OS:
PRETTY_NAME="Debian GNU/Linux 12 (bookworm)"
NAME="Debian GNU/Linux"
VERSION_ID="12"
VERSION="12 (bookworm)"
VERSION_CODENAME=bookworm
ID=debian
HOME_URL="https://www.debian.org/"
SUPPORT_URL="https://www.debian.org/support"
BUG_REPORT_URL="https://bugs.debian.org/"
uname: Linux 4.19.91-c8dfc93.al7.x86_64 #1 SMP Tue Sep 26 10:25:51 UTC 2023 x86_64
OS uptime: 0 days 0:44 hours
libc: glibc 2.36 NPTL 2.36 
rlimit (soft/hard): STACK 8192k/infinity , CORE 0k/0k , NPROC 100000/100000 , NOFILE 100000/100000 , AS infinity/infinity , CPU infinity/infinity , DATA infinity/infinity , FSIZE infinity/infinity , MEMLOCK 64k/64k
load average: 1.85 0.45 0.18

/proc/meminfo:
MemTotal:        2152516 kB
MemFree:          351832 kB
MemAvailable:     336280 kB
Buffers:             152 kB
Cached:            21704 kB
SwapCached:            0 kB
Active:          1699276 kB
Inactive:          20868 kB
Active(anon):    1698368 kB
Inactive(anon):       16 kB
Active(file):        908 kB
Inactive(file):    20852 kB
Unevictable:           0 kB
Mlocked:               0 kB
SwapTotal:             0 kB
SwapFree:              0 kB
Dirty:               220 kB
Writeback:             0 kB
AnonPages:       1698348 kB
Mapped:            14748 kB
Shmem:                36 kB
Slab:              28332 kB
SReclaimable:      14608 kB
SUnreclaim:        13724 kB
KernelStack:        4336 kB
PageTables:         5744 kB
NFS_Unstable:          0 kB
Bounce:                0 kB
WritebackTmp:          0 kB
CommitLimit:     1076256 kB
Committed_AS:    2212800 kB
VmallocTotal:   34359738367 kB
VmallocUsed:           0 kB
VmallocChunk:          0 kB
Percpu:              392 kB
AnonHugePages:    489472 kB
ShmemHugePages:        0 kB
ShmemPmdMapped:        0 kB
HugePages_Total:       0
HugePages_Free:        0
HugePages_Rsvd:        0
HugePages_Surp:        0
Hugepagesize:       2048 kB
Hugetlb:               0 kB
DirectMap4k:        8192 kB
DirectMap2M:     2523136 kB
DirectMap1G:           0 kB

/sys/kernel/mm/transparent_hugepage/enabled: [always] madvise never
/sys/kernel/mm/transparent_hugepage/hpage_pmd_size: 2097152
/sys/kernel/mm/transparent_hugepage/defrag (defrag/compaction efforts parameter): always defer defer+madvise madvise [never]

Process Memory:
Virtual Size: 2422636K (peak: 2423952K)
Resident Set Size: 320108K (peak: 320108K) (anon: 320108K, file: 0K, shmem: 0K)
Swapped out: 0K
C-Heap outstanding allocations: 59885K, retained: 28530K
glibc malloc tunables: (default)

/proc/sys/kernel/threads-max (system-wide limit on the number of threads): 1129
/proc/sys/vm/max_map_count (maximum number of memory map areas a process may have): 65530
/proc/sys/vm/swappiness (control to define how aggressively the kernel swaps out anonymous memory): 60
/proc/sys/kernel/pid_max (system-wide limit on number of process identifiers): 32768

container (cgroup) information:
container_type: cgroupv1
cpu_cpuset_cpus: 0-1
cpu_memory_nodes: 0
active_processor_count: 2
cpu_quota: no quota
cpu_period: 100000
cpu_shares: 12288
memory_limit_in_bytes: 2097152 k
memory_and_swap_limit_in_bytes: unlimited
memory_soft_limit_in_bytes: unlimited
memory_usage_in_bytes: 1738060 k
memory_max_usage_in_bytes: 2069416 k
rss_usage_in_bytes: 1690512 k
cache_usage_in_bytes: 21744 k
kernel_memory_limit_in_bytes: unlimited
kernel_memory_usage_in_bytes: 25748 k
kernel_memory_max_usage_in_bytes: 61868 k
maximum number of tasks: unlimited
current number of tasks: 196

KVM virtualization detected
Steal ticks since vm start: 2068
Steal ticks percentage since vm start:  0.347

CPU: total 2 (initial active 2) (2 cores per cpu, 1 threads per core) family 6 model 85 stepping 7 microcode 0x1, cx8, cmov, fxsr, mmx, 3dnowpref, sse, sse2, sse3, ssse3, sse4.1, sse4.2, popcnt, lzcnt, tsc, tscinvbit, avx, avx2, aes, erms, clmul, bmi1, bmi2, adx, avx512f, avx512dq, avx512cd, avx512bw, avx512vl, fma, vzeroupper, avx512_vnni, clflush, clflushopt, clwb, hv
CPU Model and flags from /proc/cpuinfo:
model name	: Intel(R) Xeon(R) Processor @ 2.50GHz
flags		: fpu vme de pse tsc msr pae mce cx8 apic sep mtrr pge mca cmov pat pse36 clflush mmx fxsr sse sse2 ss ht syscall nx pdpe1gb rdtscp lm constant_tsc rep_good nopl xtopology nonstop_tsc cpuid tsc_known_freq pni pclmulqdq ssse3 fma cx16 pcid sse4_1 sse4_2 x2apic movbe popcnt tsc_deadline_timer aes xsave avx f16c rdrand hypervisor lahf_lm abm 3dnowprefetch cpuid_fault invpcid_single ssbd ibrs ibpb stibp ibrs_enhanced fsgsbase tsc_adjust bmi1 avx2 smep bmi2 erms invpcid mpx avx512f avx512dq rdseed adx smap clflushopt clwb avx512cd avx512bw avx512vl xsaveopt xsavec xgetbv1 xsaves umip avx512_vnni md_clear arch_capabilities

Online cpus: 0-1
Offline cpus: 
BIOS frequency limitation: <Not Available>
Frequency switch latency (ns): <Not Available>
Available cpu frequencies: <Not Available>
Current governor: <Not Available>
Core performance/turbo boost: <Not Available>

Memory: 4k page, physical 2097152k(359092k free), swap 0k(0k free)
Page Sizes: 4k

vm_info: OpenJDK 64-Bit Server VM (17.0.20+8-1-deb12u1-Debian) for linux-amd64 JRE (17.0.20+8-1-deb12u1-Debian), built on Jul 28 2026 07:08:51 by "buildd" with gcc 12.2.0

END.
